organizacion_id;actividad_economica_id;tipo_actividad
1233;181;PRINCIPAL
3405;285;PRINCIPAL
3674;181;PRINCIPAL
3905;181;PRINCIPAL
3916;522;PRINCIPAL
3947;169;PRINCIPAL
4500;522;PRINCIPAL
4514;22;PRINCIPAL
4745;229;PRINCIPAL
4772;181;PRINCIPAL
4872;181;PRINCIPAL
5919;583;PRINCIPAL
6031;588;PRINCIPAL
6067;83;PRINCIPAL
6085;602;PRINCIPAL
6747;688;PRINCIPAL
7060;387;PRINCIPAL
7077;588;PRINCIPAL
7132;176;PRINCIPAL
7224;588;PRINCIPAL
7355;588;PRINCIPAL
8462;232;PRINCIPAL
9207;588;PRINCIPAL
9441;428;PRINCIPAL
9677;692;PRINCIPAL
10424;588;PRINCIPAL
10426;588;PRINCIPAL
10429;583;PRINCIPAL
10449;176;PRINCIPAL
10450;113;PRINCIPAL
10451;17;PRINCIPAL
10453;22;PRINCIPAL
10457;42;PRINCIPAL
10474;339;PRINCIPAL
10513;398;PRINCIPAL
10517;588;PRINCIPAL
10520;203;PRINCIPAL
10526;176;PRINCIPAL
10527;187;PRINCIPAL
10560;337;PRINCIPAL
10574;308;PRINCIPAL
10588;181;PRINCIPAL
10589;176;PRINCIPAL
10597;381;PRINCIPAL
10598;657;PRINCIPAL
10599;169;PRINCIPAL
10600;109;PRINCIPAL
10609;737;PRINCIPAL
10631;175;PRINCIPAL
10649;113;PRINCIPAL
10668;80;PRINCIPAL
10686;99;PRINCIPAL
10716;285;PRINCIPAL
10717;417;PRINCIPAL
10868;400;PRINCIPAL
10915;356;PRINCIPAL
10923;262;PRINCIPAL
10924;583;PRINCIPAL
10925;5;PRINCIPAL
10932;583;PRINCIPAL
10933;280;PRINCIPAL
10934;522;PRINCIPAL
10935;308;PRINCIPAL
10936;241;PRINCIPAL
10937;223;PRINCIPAL
10938;218;PRINCIPAL
10939;125;PRINCIPAL
10940;588;PRINCIPAL
10941;375;PRINCIPAL
10942;387;PRINCIPAL
10943;522;PRINCIPAL
10944;181;PRINCIPAL
10948;64;PRINCIPAL
10949;398;PRINCIPAL
10950;270;PRINCIPAL
10951;387;PRINCIPAL
10982;330;PRINCIPAL
11157;232;PRINCIPAL
11301;181;PRINCIPAL
11412;692;PRINCIPAL
11418;522;PRINCIPAL
11419;522;PRINCIPAL
11420;387;PRINCIPAL
11421;522;PRINCIPAL
11422;12;PRINCIPAL
11423;500;PRINCIPAL
11424;522;PRINCIPAL
11425;524;PRINCIPAL
11426;522;PRINCIPAL
11427;583;PRINCIPAL
11428;522;PRINCIPAL
11429;522;PRINCIPAL
11430;136;PRINCIPAL
11431;218;PRINCIPAL
11432;392;PRINCIPAL
11433;580;PRINCIPAL
11434;522;PRINCIPAL
11435;218;PRINCIPAL
11436;522;PRINCIPAL
11437;264;PRINCIPAL
11438;308;PRINCIPAL
11439;24;PRINCIPAL
11440;524;PRINCIPAL
11441;583;PRINCIPAL
11442;173;PRINCIPAL
11443;522;PRINCIPAL
11444;524;PRINCIPAL
11445;522;PRINCIPAL
11446;524;PRINCIPAL
11447;522;PRINCIPAL
11448;737;PRINCIPAL
11449;164;PRINCIPAL
11450;95;PRINCIPAL
11451;205;PRINCIPAL
11452;205;PRINCIPAL
11453;396;PRINCIPAL
11454;205;PRINCIPAL
11455;155;PRINCIPAL
11456;97;PRINCIPAL
11457;264;PRINCIPAL
11458;262;PRINCIPAL
11459;277;PRINCIPAL
11460;218;PRINCIPAL
11461;522;PRINCIPAL
11462;522;PRINCIPAL
11463;262;PRINCIPAL
11464;397;PRINCIPAL
11465;522;PRINCIPAL
11466;522;PRINCIPAL
11467;187;PRINCIPAL
11468;524;PRINCIPAL
11469;262;PRINCIPAL
11470;522;PRINCIPAL
11471;522;PRINCIPAL
11472;174;PRINCIPAL
11473;218;PRINCIPAL
11474;270;PRINCIPAL
11475;494;PRINCIPAL
11476;232;PRINCIPAL
11477;270;PRINCIPAL
11478;95;PRINCIPAL
11479;276;PRINCIPAL
11480;524;PRINCIPAL
11481;522;PRINCIPAL
11482;22;PRINCIPAL
11483;522;PRINCIPAL
11484;522;PRINCIPAL
11485;522;PRINCIPAL
11486;628;PRINCIPAL
11487;524;PRINCIPAL
11488;456;PRINCIPAL
11489;753;PRINCIPAL
11490;232;PRINCIPAL
11491;657;PRINCIPAL
11492;185;PRINCIPAL
11493;24;PRINCIPAL
11494;198;PRINCIPAL
11495;218;PRINCIPAL
11496;588;PRINCIPAL
11497;527;PRINCIPAL
11498;256;PRINCIPAL
11499;12;PRINCIPAL
11500;463;PRINCIPAL
11501;588;PRINCIPAL
11502;15;PRINCIPAL
11503;4;PRINCIPAL
11504;264;PRINCIPAL
11505;22;PRINCIPAL
11506;264;PRINCIPAL
11507;93;PRINCIPAL
11508;42;PRINCIPAL
11509;264;PRINCIPAL
11510;264;PRINCIPAL
11511;115;PRINCIPAL
11512;257;PRINCIPAL
11513;104;PRINCIPAL
11514;4;PRINCIPAL
11515;384;PRINCIPAL
11516;97;PRINCIPAL
11517;15;PRINCIPAL
11518;181;PRINCIPAL
11519;522;PRINCIPAL
11520;382;PRINCIPAL
11521;398;PRINCIPAL
11522;522;PRINCIPAL
11523;34;PRINCIPAL
11524;381;PRINCIPAL
11525;463;PRINCIPAL
11526;270;PRINCIPAL
11527;187;PRINCIPAL
11528;406;PRINCIPAL
11529;330;PRINCIPAL
11530;330;PRINCIPAL
11531;270;PRINCIPAL
11532;93;PRINCIPAL
11533;382;PRINCIPAL
11534;522;PRINCIPAL
11535;277;PRINCIPAL
11536;522;PRINCIPAL
11537;270;PRINCIPAL
11538;158;PRINCIPAL
11539;426;PRINCIPAL
11540;270;PRINCIPAL
11541;270;PRINCIPAL
11542;203;PRINCIPAL
11543;692;PRINCIPAL
11544;209;PRINCIPAL
11545;362;PRINCIPAL
11546;412;PRINCIPAL
11547;12;PRINCIPAL
11548;266;PRINCIPAL
11549;524;PRINCIPAL
11550;392;PRINCIPAL
11551;201;PRINCIPAL
11552;97;PRINCIPAL
11553;93;PRINCIPAL
11554;107;PRINCIPAL
11555;89;PRINCIPAL
11556;107;PRINCIPAL
11557;232;PRINCIPAL
11558;522;PRINCIPAL
11559;392;PRINCIPAL
11560;158;PRINCIPAL
11561;181;PRINCIPAL
11562;176;PRINCIPAL
11563;387;PRINCIPAL
11564;251;PRINCIPAL
11565;519;PRINCIPAL
11566;107;PRINCIPAL
11567;522;PRINCIPAL
11568;522;PRINCIPAL
11569;522;PRINCIPAL
11570;262;PRINCIPAL
11571;300;PRINCIPAL
11572;187;PRINCIPAL
11573;173;PRINCIPAL
11574;277;PRINCIPAL
11575;229;PRINCIPAL
11576;201;PRINCIPAL
11577;218;PRINCIPAL
11578;218;PRINCIPAL
11579;153;PRINCIPAL
11580;476;PRINCIPAL
11581;277;PRINCIPAL
11582;218;PRINCIPAL
11583;187;PRINCIPAL
11584;387;PRINCIPAL
11585;657;PRINCIPAL
11586;187;PRINCIPAL
11587;522;PRINCIPAL
11588;656;PRINCIPAL
11589;294;PRINCIPAL
11590;522;PRINCIPAL
11591;12;PRINCIPAL
11592;522;PRINCIPAL
11593;129;PRINCIPAL
11594;42;PRINCIPAL
11595;229;PRINCIPAL
11596;522;PRINCIPAL
11597;522;PRINCIPAL
11598;588;PRINCIPAL
11599;93;PRINCIPAL
11600;524;PRINCIPAL
11601;277;PRINCIPAL
11602;185;PRINCIPAL
11603;210;PRINCIPAL
11604;218;PRINCIPAL
11605;516;PRINCIPAL
11606;270;PRINCIPAL
11607;657;PRINCIPAL
11608;264;PRINCIPAL
11609;522;PRINCIPAL
11610;229;PRINCIPAL
11611;522;PRINCIPAL
11612;522;PRINCIPAL
11613;218;PRINCIPAL
11614;205;PRINCIPAL
11615;633;PRINCIPAL
11616;412;PRINCIPAL
11617;91;PRINCIPAL
11618;382;PRINCIPAL
11619;187;PRINCIPAL
11620;522;PRINCIPAL
11621;115;PRINCIPAL
11622;24;PRINCIPAL
11623;277;PRINCIPAL
11624;391;PRINCIPAL
11625;308;PRINCIPAL
11626;580;PRINCIPAL
11627;229;PRINCIPAL
11628;692;PRINCIPAL
11629;107;PRINCIPAL
11630;268;PRINCIPAL
11631;390;PRINCIPAL
11632;107;PRINCIPAL
11633;203;PRINCIPAL
11634;187;PRINCIPAL
11635;522;PRINCIPAL
11636;524;PRINCIPAL
11637;209;PRINCIPAL
11638;275;PRINCIPAL
11639;218;PRINCIPAL
11640;176;PRINCIPAL
11641;522;PRINCIPAL
11642;524;PRINCIPAL
11643;393;PRINCIPAL
11644;249;PRINCIPAL
11645;223;PRINCIPAL
11646;218;PRINCIPAL
11647;522;PRINCIPAL
11648;336;PRINCIPAL
11649;522;PRINCIPAL
11650;522;PRINCIPAL
11651;264;PRINCIPAL
11652;259;PRINCIPAL
11653;259;PRINCIPAL
11654;362;PRINCIPAL
11655;522;PRINCIPAL
11656;205;PRINCIPAL
11657;580;PRINCIPAL
11658;268;PRINCIPAL
11659;145;PRINCIPAL
11660;524;PRINCIPAL
11661;166;PRINCIPAL
11662;585;PRINCIPAL
11663;181;PRINCIPAL
11664;522;PRINCIPAL
11665;356;PRINCIPAL
11666;522;PRINCIPAL
11667;281;PRINCIPAL
11668;275;PRINCIPAL
11669;126;PRINCIPAL
11670;580;PRINCIPAL
11671;522;PRINCIPAL
11672;522;PRINCIPAL
11673;277;PRINCIPAL
11674;593;PRINCIPAL
11675;522;PRINCIPAL
11676;522;PRINCIPAL
11677;270;PRINCIPAL
11678;371;PRINCIPAL
11679;522;PRINCIPAL
11680;262;PRINCIPAL
11681;524;PRINCIPAL
11682;371;PRINCIPAL
11683;442;PRINCIPAL
11684;270;PRINCIPAL
11685;588;PRINCIPAL
11686;627;PRINCIPAL
11687;390;PRINCIPAL
11688;251;PRINCIPAL
11689;559;PRINCIPAL
11690;187;PRINCIPAL
11691;522;PRINCIPAL
11692;522;PRINCIPAL
11693;522;PRINCIPAL
11694;522;PRINCIPAL
11695;12;PRINCIPAL
11696;12;PRINCIPAL
11697;103;PRINCIPAL
11698;523;PRINCIPAL
11699;522;PRINCIPAL
11700;277;PRINCIPAL
11701;270;PRINCIPAL
11702;435;PRINCIPAL
11703;633;PRINCIPAL
11704;201;PRINCIPAL
11705;225;PRINCIPAL
11706;522;PRINCIPAL
11707;102;PRINCIPAL
11708;113;PRINCIPAL
11709;384;PRINCIPAL
11710;522;PRINCIPAL
11711;262;PRINCIPAL
11712;753;PRINCIPAL
11713;463;PRINCIPAL
11714;205;PRINCIPAL
11715;339;PRINCIPAL
11716;396;PRINCIPAL
11717;158;PRINCIPAL
11718;239;PRINCIPAL
11719;644;PRINCIPAL
11720;229;PRINCIPAL
11721;522;PRINCIPAL
11722;187;PRINCIPAL
11723;657;PRINCIPAL
11724;232;PRINCIPAL
11725;522;PRINCIPAL
11726;524;PRINCIPAL
11727;522;PRINCIPAL
11728;522;PRINCIPAL
11729;264;PRINCIPAL
11730;522;PRINCIPAL
11731;181;PRINCIPAL
11732;522;PRINCIPAL
11733;740;PRINCIPAL
11734;391;PRINCIPAL
11735;218;PRINCIPAL
11736;270;PRINCIPAL
11737;218;PRINCIPAL
11738;349;PRINCIPAL
11739;196;PRINCIPAL
11740;232;PRINCIPAL
11741;580;PRINCIPAL
11742;275;PRINCIPAL
11743;213;PRINCIPAL
11744;210;PRINCIPAL
11745;262;PRINCIPAL
11746;522;PRINCIPAL
11747;203;PRINCIPAL
11748;121;PRINCIPAL
11749;397;PRINCIPAL
11750;522;PRINCIPAL
11751;522;PRINCIPAL
11752;269;PRINCIPAL
11753;217;PRINCIPAL
11754;522;PRINCIPAL
11755;187;PRINCIPAL
11756;169;PRINCIPAL
11757;266;PRINCIPAL
11758;522;PRINCIPAL
11759;176;PRINCIPAL
11760;22;PRINCIPAL
11761;175;PRINCIPAL
11762;588;PRINCIPAL
11763;22;PRINCIPAL
11764;400;PRINCIPAL
11765;181;PRINCIPAL
11766;171;PRINCIPAL
11767;181;PRINCIPAL
11768;583;PRINCIPAL
11769;588;PRINCIPAL
11770;109;PRINCIPAL
11771;689;PRINCIPAL
11772;588;PRINCIPAL
11773;588;PRINCIPAL
11774;176;PRINCIPAL
11775;218;PRINCIPAL
11776;588;PRINCIPAL
11777;24;PRINCIPAL
11778;169;PRINCIPAL
11779;232;PRINCIPAL
11780;181;PRINCIPAL
11781;393;PRINCIPAL
11782;522;PRINCIPAL
11783;268;PRINCIPAL
11784;522;PRINCIPAL
11785;522;PRINCIPAL
11786;522;PRINCIPAL
11787;44;PRINCIPAL
11788;270;PRINCIPAL
11789;270;PRINCIPAL
11790;239;PRINCIPAL
11791;522;PRINCIPAL
11792;194;PRINCIPAL
11793;239;PRINCIPAL
11794;113;PRINCIPAL
11795;113;PRINCIPAL
11796;113;PRINCIPAL
11797;113;PRINCIPAL
11798;113;PRINCIPAL
11799;113;PRINCIPAL
11800;12;PRINCIPAL
11801;113;PRINCIPAL
11802;232;PRINCIPAL
11803;217;PRINCIPAL
11804;159;PRINCIPAL
11805;255;PRINCIPAL
11806;410;PRINCIPAL
11807;77;PRINCIPAL
11808;142;PRINCIPAL
11809;41;PRINCIPAL
11810;410;PRINCIPAL
11811;14;PRINCIPAL
11812;215;PRINCIPAL
11813;393;PRINCIPAL
11814;239;PRINCIPAL
11815;522;PRINCIPAL
11816;189;PRINCIPAL
11817;522;PRINCIPAL
11818;522;PRINCIPAL
11819;580;PRINCIPAL
11820;264;PRINCIPAL
11821;264;PRINCIPAL
11822;339;PRINCIPAL
11823;206;PRINCIPAL
11824;270;PRINCIPAL
11825;206;PRINCIPAL
11826;206;PRINCIPAL
11827;187;PRINCIPAL
11828;181;PRINCIPAL
11829;270;PRINCIPAL
11830;393;PRINCIPAL
11831;251;PRINCIPAL
11832;524;PRINCIPAL
11833;185;PRINCIPAL
11834;524;PRINCIPAL
11835;435;PRINCIPAL
11836;264;PRINCIPAL
11837;522;PRINCIPAL
11838;16;PRINCIPAL
11839;522;PRINCIPAL
11840;416;PRINCIPAL
11841;277;PRINCIPAL
11842;187;PRINCIPAL
11843;527;PRINCIPAL
11844;524;PRINCIPAL
11845;185;PRINCIPAL
11846;185;PRINCIPAL
11847;524;PRINCIPAL
11848;95;PRINCIPAL
11849;264;PRINCIPAL
11850;229;PRINCIPAL
11851;522;PRINCIPAL
11852;583;PRINCIPAL
11853;522;PRINCIPAL
11854;522;PRINCIPAL
11855;149;PRINCIPAL
11856;308;PRINCIPAL
11857;588;PRINCIPAL
11858;657;PRINCIPAL
11859;522;PRINCIPAL
11860;243;PRINCIPAL
11861;353;PRINCIPAL
11862;583;PRINCIPAL
11863;107;PRINCIPAL
11864;187;PRINCIPAL
11865;89;PRINCIPAL
11866;176;PRINCIPAL
11867;522;PRINCIPAL
11868;264;PRINCIPAL
11869;129;PRINCIPAL
11870;198;PRINCIPAL
11871;5;PRINCIPAL
11872;527;PRINCIPAL
11873;218;PRINCIPAL
11874;561;PRINCIPAL
11875;356;PRINCIPAL
11876;737;PRINCIPAL
11877;239;PRINCIPAL
11878;15;PRINCIPAL
11879;522;PRINCIPAL
11880;150;PRINCIPAL
11881;241;PRINCIPAL
11882;567;PRINCIPAL
11883;217;PRINCIPAL
11884;367;PRINCIPAL
11885;277;PRINCIPAL
11886;294;PRINCIPAL
11887;753;PRINCIPAL
11888;229;PRINCIPAL
11889;657;PRINCIPAL
11890;192;PRINCIPAL
11891;443;PRINCIPAL
11892;202;PRINCIPAL
11893;333;PRINCIPAL
11894;523;PRINCIPAL
11895;264;PRINCIPAL
11896;393;PRINCIPAL
11897;522;PRINCIPAL
11898;187;PRINCIPAL
11899;277;PRINCIPAL
11900;264;PRINCIPAL
11901;400;PRINCIPAL
11902;406;PRINCIPAL
11903;89;PRINCIPAL
11904;154;PRINCIPAL
11905;187;PRINCIPAL
11906;425;PRINCIPAL
11907;349;PRINCIPAL
11908;218;PRINCIPAL
11909;97;PRINCIPAL
11910;107;PRINCIPAL
11911;277;PRINCIPAL
11912;516;PRINCIPAL
11913;187;PRINCIPAL
11914;239;PRINCIPAL
11915;218;PRINCIPAL
11916;218;PRINCIPAL
11917;239;PRINCIPAL
11918;185;PRINCIPAL
11919;523;PRINCIPAL
11920;232;PRINCIPAL
11921;187;PRINCIPAL
11922;243;PRINCIPAL
11923;373;PRINCIPAL
11924;155;PRINCIPAL
11925;657;PRINCIPAL
11926;176;PRINCIPAL
11927;187;PRINCIPAL
11928;443;PRINCIPAL
11929;155;PRINCIPAL
11930;153;PRINCIPAL
11931;524;PRINCIPAL
11932;524;PRINCIPAL
11933;692;PRINCIPAL
11934;375;PRINCIPAL
11935;737;PRINCIPAL
11936;181;PRINCIPAL
11937;427;PRINCIPAL
11938;689;PRINCIPAL
11939;524;PRINCIPAL
11940;689;PRINCIPAL
11941;692;PRINCIPAL
11942;187;PRINCIPAL
11943;753;PRINCIPAL
11944;193;PRINCIPAL
11945;193;PRINCIPAL
11946;193;PRINCIPAL
11947;193;PRINCIPAL
11948;382;PRINCIPAL
11949;268;PRINCIPAL
11950;171;PRINCIPAL
11951;524;PRINCIPAL
11952;251;PRINCIPAL
11953;657;PRINCIPAL
11954;588;PRINCIPAL
11955;384;PRINCIPAL
11956;657;PRINCIPAL
11957;387;PRINCIPAL
11958;176;PRINCIPAL
11959;173;PRINCIPAL
11960;522;PRINCIPAL
11961;218;PRINCIPAL
11962;689;PRINCIPAL
11963;104;PRINCIPAL
11964;155;PRINCIPAL
11965;544;PRINCIPAL
11966;522;PRINCIPAL
11967;218;PRINCIPAL
11968;689;PRINCIPAL
11969;285;PRINCIPAL
11970;617;PRINCIPAL
11971;185;PRINCIPAL
11972;153;PRINCIPAL
11973;277;PRINCIPAL
11974;159;PRINCIPAL
11975;155;PRINCIPAL
11976;209;PRINCIPAL
11977;201;PRINCIPAL
11978;392;PRINCIPAL
11979;274;PRINCIPAL
11980;201;PRINCIPAL
11981;13;PRINCIPAL
11982;93;PRINCIPAL
11983;50;PRINCIPAL
11984;522;PRINCIPAL
11985;109;PRINCIPAL
11986;522;PRINCIPAL
11987;588;PRINCIPAL
11988;522;PRINCIPAL
11989;522;PRINCIPAL
11990;467;PRINCIPAL
11991;363;PRINCIPAL
11992;688;PRINCIPAL
11993;692;PRINCIPAL
11994;588;PRINCIPAL
11995;495;PRINCIPAL
11996;412;PRINCIPAL
11997;129;PRINCIPAL
11998;522;PRINCIPAL
11999;750;PRINCIPAL
12000;522;PRINCIPAL
12001;737;PRINCIPAL
12002;185;PRINCIPAL
12003;467;PRINCIPAL
12004;202;PRINCIPAL
12005;270;PRINCIPAL
12006;524;PRINCIPAL
12007;522;PRINCIPAL
12008;524;PRINCIPAL
12009;262;PRINCIPAL
12010;381;PRINCIPAL
12011;223;PRINCIPAL
12012;223;PRINCIPAL
12013;218;PRINCIPAL
12014;371;PRINCIPAL
12015;522;PRINCIPAL
12016;218;PRINCIPAL
12017;24;PRINCIPAL
12018;277;PRINCIPAL
12019;522;PRINCIPAL
12020;270;PRINCIPAL
12021;522;PRINCIPAL
12022;262;PRINCIPAL
12023;294;PRINCIPAL
12024;126;PRINCIPAL
12025;218;PRINCIPAL
12026;89;PRINCIPAL
12027;275;PRINCIPAL
12028;522;PRINCIPAL
12029;266;PRINCIPAL
12030;519;PRINCIPAL
12031;281;PRINCIPAL
12032;150;PRINCIPAL
12033;273;PRINCIPAL
12034;522;PRINCIPAL
12035;107;PRINCIPAL
12036;527;PRINCIPAL
12037;583;PRINCIPAL
12038;308;PRINCIPAL
12039;524;PRINCIPAL
12040;740;PRINCIPAL
12041;79;PRINCIPAL
12042;103;PRINCIPAL
12043;360;PRINCIPAL
12044;642;PRINCIPAL
12045;97;PRINCIPAL
12046;97;PRINCIPAL
12047;330;PRINCIPAL
12048;277;PRINCIPAL
12049;524;PRINCIPAL
12050;524;PRINCIPAL
12051;223;PRINCIPAL
12052;154;PRINCIPAL
12053;150;PRINCIPAL
12054;109;PRINCIPAL
12055;522;PRINCIPAL
12056;251;PRINCIPAL
12057;428;PRINCIPAL
12058;129;PRINCIPAL
12059;181;PRINCIPAL
12060;657;PRINCIPAL
12061;524;PRINCIPAL
12062;737;PRINCIPAL
12063;522;PRINCIPAL
12064;321;PRINCIPAL
12065;353;PRINCIPAL
12066;209;PRINCIPAL
12067;371;PRINCIPAL
12068;281;PRINCIPAL
12069;225;PRINCIPAL
12070;583;PRINCIPAL
12071;523;PRINCIPAL
12072;522;PRINCIPAL
12073;567;PRINCIPAL
12074;522;PRINCIPAL
12075;689;PRINCIPAL
12076;393;PRINCIPAL
12077;229;PRINCIPAL
12078;583;PRINCIPAL
12079;365;PRINCIPAL
12080;400;PRINCIPAL
12081;321;PRINCIPAL
12082;22;PRINCIPAL
12083;100;PRINCIPAL
12084;107;PRINCIPAL
12085;382;PRINCIPAL
12086;406;PRINCIPAL
12087;16;PRINCIPAL
12088;6;PRINCIPAL
12089;30;PRINCIPAL
12090;384;PRINCIPAL
12091;321;PRINCIPAL
12092;321;PRINCIPAL
12093;321;PRINCIPAL
12094;384;PRINCIPAL
12095;333;PRINCIPAL
12096;118;PRINCIPAL
12097;93;PRINCIPAL
12098;154;PRINCIPAL
12099;657;PRINCIPAL
12100;692;PRINCIPAL
12101;522;PRINCIPAL
12102;737;PRINCIPAL
12103;210;PRINCIPAL
12104;209;PRINCIPAL
12105;522;PRINCIPAL
12106;89;PRINCIPAL
12107;118;PRINCIPAL
12108;29;PRINCIPAL
12109;513;PRINCIPAL
12110;113;PRINCIPAL
12111;381;PRINCIPAL
12112;249;PRINCIPAL
12113;412;PRINCIPAL
12114;378;PRINCIPAL
12115;522;PRINCIPAL
12116;268;PRINCIPAL
12117;107;PRINCIPAL
12118;154;PRINCIPAL
12119;154;PRINCIPAL
12120;264;PRINCIPAL
12121;277;PRINCIPAL
12122;524;PRINCIPAL
12123;443;PRINCIPAL
12124;229;PRINCIPAL
12125;522;PRINCIPAL
12126;381;PRINCIPAL
12127;392;PRINCIPAL
12128;181;PRINCIPAL
12129;585;PRINCIPAL
12130;522;PRINCIPAL
12131;522;PRINCIPAL
12132;176;PRINCIPAL
12133;463;PRINCIPAL
12134;6;PRINCIPAL
12135;218;PRINCIPAL
12136;251;PRINCIPAL
12137;190;PRINCIPAL
12138;522;PRINCIPAL
12139;522;PRINCIPAL
12140;102;PRINCIPAL
12141;270;PRINCIPAL
12142;583;PRINCIPAL
12143;522;PRINCIPAL
12144;205;PRINCIPAL
12145;522;PRINCIPAL
12146;588;PRINCIPAL
12147;522;PRINCIPAL
12148;139;PRINCIPAL
12149;139;PRINCIPAL
12150;524;PRINCIPAL
12151;294;PRINCIPAL
12152;412;PRINCIPAL
12153;522;PRINCIPAL
12154;187;PRINCIPAL
12155;277;PRINCIPAL
12156;213;PRINCIPAL
12157;588;PRINCIPAL
12158;266;PRINCIPAL
12159;239;PRINCIPAL
12160;524;PRINCIPAL
12161;522;PRINCIPAL
12162;308;PRINCIPAL
12163;264;PRINCIPAL
12164;213;PRINCIPAL
12165;583;PRINCIPAL
12166;426;PRINCIPAL
12167;522;PRINCIPAL
12168;522;PRINCIPAL
12169;362;PRINCIPAL
12170;583;PRINCIPAL
12171;266;PRINCIPAL
12172;176;PRINCIPAL
12173;522;PRINCIPAL
12174;522;PRINCIPAL
12175;524;PRINCIPAL
12176;249;PRINCIPAL
12177;524;PRINCIPAL
12178;390;PRINCIPAL
12179;524;PRINCIPAL
12180;349;PRINCIPAL
12181;239;PRINCIPAL
12182;524;PRINCIPAL
12183;522;PRINCIPAL
12184;524;PRINCIPAL
12185;583;PRINCIPAL
12186;268;PRINCIPAL
12187;381;PRINCIPAL
12188;588;PRINCIPAL
12189;264;PRINCIPAL
12190;251;PRINCIPAL
12191;270;PRINCIPAL
12192;251;PRINCIPAL
12193;251;PRINCIPAL
12194;218;PRINCIPAL
12195;450;PRINCIPAL
12196;277;PRINCIPAL
12197;312;PRINCIPAL
12198;104;PRINCIPAL
12199;12;PRINCIPAL
12200;522;PRINCIPAL
12201;251;PRINCIPAL
12202;259;PRINCIPAL
12203;107;PRINCIPAL
12204;268;PRINCIPAL
12205;176;PRINCIPAL
12206;5;PRINCIPAL
12207;522;PRINCIPAL
12208;181;PRINCIPAL
12209;190;PRINCIPAL
12210;201;PRINCIPAL
12211;392;PRINCIPAL
12212;232;PRINCIPAL
12213;522;PRINCIPAL
12214;232;PRINCIPAL
12215;181;PRINCIPAL
12216;308;PRINCIPAL
12217;267;PRINCIPAL
12218;426;PRINCIPAL
12219;443;PRINCIPAL
12220;185;PRINCIPAL
12221;398;PRINCIPAL
12222;270;PRINCIPAL
12223;12;PRINCIPAL
12224;223;PRINCIPAL
12225;588;PRINCIPAL
12226;583;PRINCIPAL
12227;122;PRINCIPAL
12228;522;PRINCIPAL
12229;262;PRINCIPAL
12230;270;PRINCIPAL
12231;522;PRINCIPAL
12232;524;PRINCIPAL
12233;232;PRINCIPAL
12234;522;PRINCIPAL
12235;580;PRINCIPAL
12236;294;PRINCIPAL
12237;522;PRINCIPAL
12238;522;PRINCIPAL
12239;689;PRINCIPAL
12240;6;PRINCIPAL
12241;107;PRINCIPAL
12242;522;PRINCIPAL
12243;392;PRINCIPAL
12244;187;PRINCIPAL
12245;201;PRINCIPAL
12246;588;PRINCIPAL
12247;392;PRINCIPAL
12248;522;PRINCIPAL
12249;382;PRINCIPAL
12250;158;PRINCIPAL
12251;522;PRINCIPAL
12252;522;PRINCIPAL
12253;102;PRINCIPAL
12254;522;PRINCIPAL
12255;362;PRINCIPAL
12256;304;PRINCIPAL
12257;522;PRINCIPAL
12258;524;PRINCIPAL
12259;218;PRINCIPAL
12260;268;PRINCIPAL
12261;522;PRINCIPAL
12262;522;PRINCIPAL
12263;522;PRINCIPAL
12264;522;PRINCIPAL
12265;169;PRINCIPAL
12266;229;PRINCIPAL
12267;265;PRINCIPAL
12268;588;PRINCIPAL
12269;104;PRINCIPAL
12270;398;PRINCIPAL
12271;397;PRINCIPAL
12272;373;PRINCIPAL
12273;321;PRINCIPAL
12274;522;PRINCIPAL
12275;522;PRINCIPAL
12276;210;PRINCIPAL
12277;522;PRINCIPAL
12278;285;PRINCIPAL
12279;256;PRINCIPAL
12280;590;PRINCIPAL
12281;522;PRINCIPAL
12282;181;PRINCIPAL
12283;522;PRINCIPAL
12284;590;PRINCIPAL
12285;522;PRINCIPAL
12286;397;PRINCIPAL
12287;194;PRINCIPAL
12288;113;PRINCIPAL
12289;583;PRINCIPAL
12290;205;PRINCIPAL
12291;80;PRINCIPAL
12292;588;PRINCIPAL
12293;175;PRINCIPAL
12294;107;PRINCIPAL
12295;24;PRINCIPAL
12296;181;PRINCIPAL
12297;155;PRINCIPAL
12298;264;PRINCIPAL
12299;139;PRINCIPAL
12300;6;PRINCIPAL
12301;107;PRINCIPAL
12302;169;PRINCIPAL
12303;270;PRINCIPAL
12304;522;PRINCIPAL
12305;522;PRINCIPAL
12306;232;PRINCIPAL
12307;356;PRINCIPAL
12308;205;PRINCIPAL
12309;387;PRINCIPAL
12310;522;PRINCIPAL
12311;522;PRINCIPAL
12312;522;PRINCIPAL
12313;264;PRINCIPAL
12314;227;PRINCIPAL
12315;99;PRINCIPAL
12316;232;PRINCIPAL
12317;522;PRINCIPAL
12318;392;PRINCIPAL
12319;264;PRINCIPAL
12320;14;PRINCIPAL
12321;522;PRINCIPAL
12322;187;PRINCIPAL
12323;522;PRINCIPAL
12324;522;PRINCIPAL
12325;522;PRINCIPAL
12326;583;PRINCIPAL
12327;387;PRINCIPAL
12328;28;PRINCIPAL
12329;339;PRINCIPAL
12330;522;PRINCIPAL
12331;232;PRINCIPAL
12332;522;PRINCIPAL
12333;527;PRINCIPAL
12334;599;PRINCIPAL
12335;516;PRINCIPAL
12336;95;PRINCIPAL
12337;121;PRINCIPAL
12338;583;PRINCIPAL
12339;367;PRINCIPAL
12340;268;PRINCIPAL
12341;492;PRINCIPAL
12342;524;PRINCIPAL
12343;218;PRINCIPAL
12344;277;PRINCIPAL
12345;682;PRINCIPAL
12346;522;PRINCIPAL
12347;524;PRINCIPAL
12348;181;PRINCIPAL
12349;522;PRINCIPAL
12350;583;PRINCIPAL
12351;583;PRINCIPAL
12352;524;PRINCIPAL
12353;218;PRINCIPAL
12354;522;PRINCIPAL
12355;217;PRINCIPAL
12356;5;PRINCIPAL
12357;5;PRINCIPAL
12358;264;PRINCIPAL
12359;262;PRINCIPAL
12360;580;PRINCIPAL
12361;187;PRINCIPAL
12362;15;PRINCIPAL
12363;7;PRINCIPAL
12364;500;PRINCIPAL
12365;79;PRINCIPAL
12366;107;PRINCIPAL
12367;145;PRINCIPAL
12368;4;PRINCIPAL
12369;185;PRINCIPAL
12370;185;PRINCIPAL
12371;522;PRINCIPAL
12372;400;PRINCIPAL
12373;97;PRINCIPAL
12374;42;PRINCIPAL
12375;522;PRINCIPAL
12376;251;PRINCIPAL
12377;239;PRINCIPAL
12378;583;PRINCIPAL
12379;239;PRINCIPAL
12380;239;PRINCIPAL
12381;239;PRINCIPAL
12382;221;PRINCIPAL
12383;277;PRINCIPAL
12384;427;PRINCIPAL
12385;232;PRINCIPAL
12386;169;PRINCIPAL
12387;417;PRINCIPAL
12388;393;PRINCIPAL
12389;251;PRINCIPAL
12390;218;PRINCIPAL
12391;308;PRINCIPAL
12392;176;PRINCIPAL
12393;176;PRINCIPAL
12394;239;PRINCIPAL
12395;259;PRINCIPAL
12396;416;PRINCIPAL
12397;239;PRINCIPAL
12398;201;PRINCIPAL
12399;522;PRINCIPAL
12400;522;PRINCIPAL
12401;251;PRINCIPAL
12402;16;PRINCIPAL
12403;657;PRINCIPAL
12404;522;PRINCIPAL
12405;154;PRINCIPAL
12406;270;PRINCIPAL
12407;251;PRINCIPAL
12408;187;PRINCIPAL
12409;277;PRINCIPAL
12410;588;PRINCIPAL
12411;181;PRINCIPAL
12412;121;PRINCIPAL
12413;522;PRINCIPAL
12414;349;PRINCIPAL
12415;198;PRINCIPAL
12416;522;PRINCIPAL
12417;187;PRINCIPAL
12418;187;PRINCIPAL
12419;251;PRINCIPAL
12420;737;PRINCIPAL
12421;113;PRINCIPAL
12422;524;PRINCIPAL
12423;330;PRINCIPAL
12424;352;PRINCIPAL
12425;349;PRINCIPAL
12426;321;PRINCIPAL
12427;321;PRINCIPAL
12428;321;PRINCIPAL
12429;89;PRINCIPAL
12430;588;PRINCIPAL
12431;522;PRINCIPAL
12432;524;PRINCIPAL
12433;321;PRINCIPAL
12434;688;PRINCIPAL
12435;522;PRINCIPAL
12436;241;PRINCIPAL
12437;524;PRINCIPAL
12438;522;PRINCIPAL
12439;215;PRINCIPAL
12440;522;PRINCIPAL
12441;181;PRINCIPAL
12442;524;PRINCIPAL
12443;689;PRINCIPAL
12444;104;PRINCIPAL
12445;522;PRINCIPAL
12446;223;PRINCIPAL
12447;154;PRINCIPAL
12448;588;PRINCIPAL
12449;522;PRINCIPAL
12450;225;PRINCIPAL
12451;522;PRINCIPAL
12452;522;PRINCIPAL
12453;262;PRINCIPAL
12454;522;PRINCIPAL
12455;181;PRINCIPAL
12456;232;PRINCIPAL
12457;221;PRINCIPAL
12458;97;PRINCIPAL
12459;522;PRINCIPAL
12460;522;PRINCIPAL
12461;522;PRINCIPAL
12462;522;PRINCIPAL
12463;375;PRINCIPAL
12464;312;PRINCIPAL
12465;107;PRINCIPAL
12466;218;PRINCIPAL
12467;145;PRINCIPAL
12468;107;PRINCIPAL
12469;89;PRINCIPAL
12470;270;PRINCIPAL
12471;218;PRINCIPAL
12472;218;PRINCIPAL
12473;273;PRINCIPAL
12474;24;PRINCIPAL
12475;216;PRINCIPAL
12476;218;PRINCIPAL
12477;381;PRINCIPAL
12478;239;PRINCIPAL
12479;277;PRINCIPAL
12480;218;PRINCIPAL
12481;264;PRINCIPAL
12482;382;PRINCIPAL
12483;24;PRINCIPAL
12484;24;PRINCIPAL
12485;217;PRINCIPAL
12486;294;PRINCIPAL
12487;588;PRINCIPAL
12488;522;PRINCIPAL
12489;593;PRINCIPAL
12490;522;PRINCIPAL
12491;218;PRINCIPAL
12492;522;PRINCIPAL
12493;522;PRINCIPAL
12494;522;PRINCIPAL
12495;387;PRINCIPAL
12496;387;PRINCIPAL
12497;384;PRINCIPAL
12498;522;PRINCIPAL
12499;218;PRINCIPAL
12500;522;PRINCIPAL
12501;522;PRINCIPAL
12502;522;PRINCIPAL
12503;522;PRINCIPAL
12504;524;PRINCIPAL
12505;251;PRINCIPAL
12506;154;PRINCIPAL
12507;657;PRINCIPAL
12508;524;PRINCIPAL
12509;524;PRINCIPAL
12510;251;PRINCIPAL
12511;264;PRINCIPAL
12512;239;PRINCIPAL
12513;349;PRINCIPAL
12514;225;PRINCIPAL
12515;218;PRINCIPAL
12516;270;PRINCIPAL
12517;264;PRINCIPAL
12518;176;PRINCIPAL
12519;375;PRINCIPAL
12520;173;PRINCIPAL
12521;249;PRINCIPAL
12522;232;PRINCIPAL
12523;277;PRINCIPAL
12524;657;PRINCIPAL
12525;176;PRINCIPAL
12526;241;PRINCIPAL
12527;396;PRINCIPAL
12528;232;PRINCIPAL
12529;524;PRINCIPAL
12530;12;PRINCIPAL
12531;277;PRINCIPAL
12532;176;PRINCIPAL
12533;524;PRINCIPAL
12534;522;PRINCIPAL
12535;277;PRINCIPAL
12536;264;PRINCIPAL
12537;522;PRINCIPAL
12538;522;PRINCIPAL
12539;232;PRINCIPAL
12540;390;PRINCIPAL
12541;672;PRINCIPAL
12542;412;PRINCIPAL
12543;274;PRINCIPAL
12544;187;PRINCIPAL
12545;205;PRINCIPAL
12546;251;PRINCIPAL
12547;270;PRINCIPAL
12548;753;PRINCIPAL
12549;209;PRINCIPAL
12550;275;PRINCIPAL
12551;232;PRINCIPAL
12552;333;PRINCIPAL
12553;397;PRINCIPAL
12554;194;PRINCIPAL
12555;171;PRINCIPAL
12556;264;PRINCIPAL
12557;692;PRINCIPAL
12558;187;PRINCIPAL
12560;397;PRINCIPAL
12561;218;PRINCIPAL
12562;264;PRINCIPAL
12563;4;PRINCIPAL
12564;210;PRINCIPAL
12565;187;PRINCIPAL
12566;113;PRINCIPAL
12567;12;PRINCIPAL
12568;522;PRINCIPAL
12569;150;PRINCIPAL
12570;536;PRINCIPAL
12571;522;PRINCIPAL
12572;657;PRINCIPAL
12573;102;PRINCIPAL
12574;522;PRINCIPAL
12575;210;PRINCIPAL
12576;524;PRINCIPAL
12577;229;PRINCIPAL
12578;187;PRINCIPAL
12579;277;PRINCIPAL
12580;187;PRINCIPAL
12581;522;PRINCIPAL
12582;524;PRINCIPAL
12583;302;PRINCIPAL
12584;522;PRINCIPAL
12585;255;PRINCIPAL
12586;176;PRINCIPAL
12587;522;PRINCIPAL
12588;524;PRINCIPAL
12589;450;PRINCIPAL
12590;398;PRINCIPAL
12591;522;PRINCIPAL
12592;239;PRINCIPAL
12593;522;PRINCIPAL
12594;522;PRINCIPAL
12595;387;PRINCIPAL
12596;147;PRINCIPAL
12597;145;PRINCIPAL
12598;349;PRINCIPAL
12599;48;PRINCIPAL
12600;294;PRINCIPAL
12601;173;PRINCIPAL
12602;89;PRINCIPAL
12603;99;PRINCIPAL
12604;217;PRINCIPAL
12605;159;PRINCIPAL
12606;522;PRINCIPAL
12607;753;PRINCIPAL
12608;524;PRINCIPAL
12609;175;PRINCIPAL
12610;113;PRINCIPAL
12611;126;PRINCIPAL
12612;522;PRINCIPAL
12613;308;PRINCIPAL
12614;657;PRINCIPAL
12615;256;PRINCIPAL
12616;308;PRINCIPAL
12617;89;PRINCIPAL
12618;89;PRINCIPAL
12619;89;PRINCIPAL
12620;89;PRINCIPAL
12621;89;PRINCIPAL
12622;89;PRINCIPAL
12623;89;PRINCIPAL
12624;93;PRINCIPAL
12625;463;PRINCIPAL
12626;169;PRINCIPAL
12627;262;PRINCIPAL
12628;262;PRINCIPAL
12629;270;PRINCIPAL
12630;308;PRINCIPAL
12631;176;PRINCIPAL
12632;232;PRINCIPAL
12633;218;PRINCIPAL
12634;262;PRINCIPAL
12635;93;PRINCIPAL
12636;14;PRINCIPAL
12637;270;PRINCIPAL
12638;522;PRINCIPAL
12639;251;PRINCIPAL
12640;524;PRINCIPAL
12641;522;PRINCIPAL
12642;737;PRINCIPAL
12643;730;PRINCIPAL
12644;737;PRINCIPAL
12645;737;PRINCIPAL
12646;206;PRINCIPAL
12647;206;PRINCIPAL
12648;206;PRINCIPAL
12649;205;PRINCIPAL
12650;201;PRINCIPAL
12651;205;PRINCIPAL
12652;201;PRINCIPAL
12653;205;PRINCIPAL
12654;205;PRINCIPAL
12655;737;PRINCIPAL
12656;201;PRINCIPAL
12657;215;PRINCIPAL
12658;583;PRINCIPAL
12659;218;PRINCIPAL
12660;522;PRINCIPAL
12661;522;PRINCIPAL
12662;522;PRINCIPAL
12663;154;PRINCIPAL
12664;259;PRINCIPAL
12665;522;PRINCIPAL
12666;657;PRINCIPAL
12667;672;PRINCIPAL
12668;122;PRINCIPAL
12669;102;PRINCIPAL
12670;29;PRINCIPAL
12671;232;PRINCIPAL
12672;522;PRINCIPAL
12673;181;PRINCIPAL
12674;268;PRINCIPAL
12675;218;PRINCIPAL
12676;121;PRINCIPAL
12677;196;PRINCIPAL
12678;209;PRINCIPAL
12679;99;PRINCIPAL
12680;159;PRINCIPAL
12681;95;PRINCIPAL
12682;247;PRINCIPAL
12683;24;PRINCIPAL
12684;294;PRINCIPAL
12685;109;PRINCIPAL
12686;97;PRINCIPAL
12687;277;PRINCIPAL
12688;257;PRINCIPAL
12689;44;PRINCIPAL
12690;176;PRINCIPAL
12691;522;PRINCIPAL
12692;522;PRINCIPAL
12693;249;PRINCIPAL
12694;382;PRINCIPAL
12695;349;PRINCIPAL
12696;277;PRINCIPAL
12697;689;PRINCIPAL
12698;316;PRINCIPAL
12699;583;PRINCIPAL
12700;181;PRINCIPAL
12701;181;PRINCIPAL
12702;387;PRINCIPAL
12703;597;PRINCIPAL
12704;400;PRINCIPAL
12705;692;PRINCIPAL
12706;107;PRINCIPAL
12707;583;PRINCIPAL
12708;99;PRINCIPAL
12709;522;PRINCIPAL
12710;181;PRINCIPAL
12711;522;PRINCIPAL
12712;392;PRINCIPAL
12713;22;PRINCIPAL
12714;590;PRINCIPAL
12715;522;PRINCIPAL
12716;5;PRINCIPAL
12717;356;PRINCIPAL
12718;583;PRINCIPAL
12719;583;PRINCIPAL
12720;524;PRINCIPAL
12721;232;PRINCIPAL
12722;15;PRINCIPAL
12723;218;PRINCIPAL
12724;615;PRINCIPAL
12725;522;PRINCIPAL
12726;524;PRINCIPAL
12727;381;PRINCIPAL
12728;142;PRINCIPAL
12729;289;PRINCIPAL
12730;277;PRINCIPAL
12731;583;PRINCIPAL
12732;516;PRINCIPAL
12733;264;PRINCIPAL
12734;522;PRINCIPAL
12735;264;PRINCIPAL
12736;264;PRINCIPAL
12737;190;PRINCIPAL
12738;500;PRINCIPAL
12739;524;PRINCIPAL
12740;524;PRINCIPAL
12741;657;PRINCIPAL
12742;522;PRINCIPAL
12743;524;PRINCIPAL
12744;522;PRINCIPAL
12745;522;PRINCIPAL
12746;522;PRINCIPAL
12747;522;PRINCIPAL
12748;522;PRINCIPAL
12749;375;PRINCIPAL
12750;522;PRINCIPAL
12751;467;PRINCIPAL
12752;181;PRINCIPAL
12753;102;PRINCIPAL
12754;93;PRINCIPAL
12755;104;PRINCIPAL
12756;522;PRINCIPAL
12757;274;PRINCIPAL
12758;381;PRINCIPAL
12759;93;PRINCIPAL
12760;181;PRINCIPAL
12761;522;PRINCIPAL
12762;174;PRINCIPAL
12763;158;PRINCIPAL
12764;270;PRINCIPAL
12765;201;PRINCIPAL
12766;89;PRINCIPAL
12767;107;PRINCIPAL
12768;519;PRINCIPAL
12769;158;PRINCIPAL
12770;206;PRINCIPAL
12771;229;PRINCIPAL
12772;218;PRINCIPAL
12773;221;PRINCIPAL
12774;181;PRINCIPAL
12775;218;PRINCIPAL
12776;393;PRINCIPAL
12777;524;PRINCIPAL
12778;142;PRINCIPAL
12779;689;PRINCIPAL
12780;522;PRINCIPAL
12781;593;PRINCIPAL
12782;274;PRINCIPAL
12783;522;PRINCIPAL
12784;427;PRINCIPAL
12785;585;PRINCIPAL
12786;522;PRINCIPAL
12787;522;PRINCIPAL
12788;519;PRINCIPAL
12789;522;PRINCIPAL
12790;494;PRINCIPAL
12791;206;PRINCIPAL
12792;522;PRINCIPAL
12793;5;PRINCIPAL
12794;583;PRINCIPAL
12795;187;PRINCIPAL
12796;176;PRINCIPAL
12797;105;PRINCIPAL
12798;15;PRINCIPAL
12799;42;PRINCIPAL
12800;30;PRINCIPAL
12801;122;PRINCIPAL
12802;522;PRINCIPAL
12803;522;PRINCIPAL
12804;375;PRINCIPAL
12805;107;PRINCIPAL
12806;522;PRINCIPAL
12807;524;PRINCIPAL
12808;91;PRINCIPAL
12809;522;PRINCIPAL
12810;209;PRINCIPAL
12811;522;PRINCIPAL
12812;249;PRINCIPAL
12813;384;PRINCIPAL
12814;24;PRINCIPAL
12815;443;PRINCIPAL
12816;588;PRINCIPAL
12817;275;PRINCIPAL
12818;463;PRINCIPAL
12819;166;PRINCIPAL
12820;169;PRINCIPAL
12821;217;PRINCIPAL
12822;522;PRINCIPAL
12823;524;PRINCIPAL
12824;259;PRINCIPAL
12825;176;PRINCIPAL
12826;6;PRINCIPAL
12827;121;PRINCIPAL
12828;121;PRINCIPAL
12829;24;PRINCIPAL
12830;209;PRINCIPAL
12831;524;PRINCIPAL
12832;523;PRINCIPAL
12833;270;PRINCIPAL
12834;262;PRINCIPAL
12835;239;PRINCIPAL
12836;277;PRINCIPAL
12837;522;PRINCIPAL
12838;181;PRINCIPAL
12839;500;PRINCIPAL
12840;494;PRINCIPAL
12841;209;PRINCIPAL
12842;249;PRINCIPAL
12843;524;PRINCIPAL
12844;281;PRINCIPAL
12845;522;PRINCIPAL
12846;522;PRINCIPAL
12847;522;PRINCIPAL
12848;657;PRINCIPAL
12849;312;PRINCIPAL
12850;522;PRINCIPAL
12851;522;PRINCIPAL
12852;583;PRINCIPAL
12853;83;PRINCIPAL
12854;692;PRINCIPAL
12855;155;PRINCIPAL
12856;753;PRINCIPAL
12857;524;PRINCIPAL
12858;384;PRINCIPAL
12859;527;PRINCIPAL
12860;218;PRINCIPAL
12861;633;PRINCIPAL
12862;264;PRINCIPAL
12863;187;PRINCIPAL
12864;522;PRINCIPAL
12865;387;PRINCIPAL
12866;181;PRINCIPAL
12867;277;PRINCIPAL
12868;251;PRINCIPAL
12869;522;PRINCIPAL
12870;583;PRINCIPAL
12871;583;PRINCIPAL
12872;522;PRINCIPAL
12873;187;PRINCIPAL
12874;522;PRINCIPAL
12875;689;PRINCIPAL
12876;580;PRINCIPAL
12877;522;PRINCIPAL
12878;522;PRINCIPAL
12879;522;PRINCIPAL
12880;316;PRINCIPAL
12881;373;PRINCIPAL
12882;443;PRINCIPAL
12883;689;PRINCIPAL
12884;522;PRINCIPAL
12885;677;PRINCIPAL
12886;268;PRINCIPAL
12887;597;PRINCIPAL
12888;270;PRINCIPAL
12889;387;PRINCIPAL
12890;689;PRINCIPAL
12891;393;PRINCIPAL
12892;392;PRINCIPAL
12893;264;PRINCIPAL
12894;583;PRINCIPAL
12895;158;PRINCIPAL
12896;522;PRINCIPAL
12897;522;PRINCIPAL
12898;107;PRINCIPAL
12899;522;PRINCIPAL
12900;362;PRINCIPAL
12901;251;PRINCIPAL
12902;522;PRINCIPAL
12903;567;PRINCIPAL
12904;308;PRINCIPAL
12905;268;PRINCIPAL
12906;129;PRINCIPAL
12907;181;PRINCIPAL
12908;226;PRINCIPAL
12909;522;PRINCIPAL
12910;173;PRINCIPAL
12911;158;PRINCIPAL
12912;262;PRINCIPAL
12913;443;PRINCIPAL
12914;247;PRINCIPAL
12915;209;PRINCIPAL
12916;267;PRINCIPAL
12917;169;PRINCIPAL
12918;522;PRINCIPAL
12919;176;PRINCIPAL
12920;158;PRINCIPAL
12921;216;PRINCIPAL
12922;187;PRINCIPAL
12923;264;PRINCIPAL
12924;209;PRINCIPAL
12925;243;PRINCIPAL
12926;397;PRINCIPAL
12927;155;PRINCIPAL
12928;275;PRINCIPAL
12929;201;PRINCIPAL
12930;93;PRINCIPAL
12931;262;PRINCIPAL
12932;275;PRINCIPAL
12933;201;PRINCIPAL
12934;187;PRINCIPAL
12935;187;PRINCIPAL
12936;264;PRINCIPAL
12937;196;PRINCIPAL
12938;264;PRINCIPAL
12939;264;PRINCIPAL
12940;205;PRINCIPAL
12941;264;PRINCIPAL
12942;243;PRINCIPAL
12943;89;PRINCIPAL
12944;291;PRINCIPAL
12945;321;PRINCIPAL
12946;270;PRINCIPAL
12947;187;PRINCIPAL
12948;139;PRINCIPAL
12949;264;PRINCIPAL
12950;270;PRINCIPAL
12951;262;PRINCIPAL
12952;239;PRINCIPAL
12953;264;PRINCIPAL
12954;264;PRINCIPAL
12955;206;PRINCIPAL
12956;247;PRINCIPAL
12957;187;PRINCIPAL
12958;262;PRINCIPAL
12959;187;PRINCIPAL
12960;107;PRINCIPAL
12961;270;PRINCIPAL
12962;275;PRINCIPAL
12963;155;PRINCIPAL
12964;239;PRINCIPAL
12965;268;PRINCIPAL
12966;210;PRINCIPAL
12967;218;PRINCIPAL
12968;223;PRINCIPAL
12969;229;PRINCIPAL
12970;524;PRINCIPAL
12971;522;PRINCIPAL
12972;522;PRINCIPAL
12973;522;PRINCIPAL
12974;522;PRINCIPAL
12975;522;PRINCIPAL
12976;580;PRINCIPAL
12977;524;PRINCIPAL
12978;516;PRINCIPAL
12979;522;PRINCIPAL
12980;522;PRINCIPAL
12981;223;PRINCIPAL
12982;524;PRINCIPAL
12983;513;PRINCIPAL
12984;89;PRINCIPAL
12985;524;PRINCIPAL
12986;583;PRINCIPAL
12987;590;PRINCIPAL
12988;522;PRINCIPAL
12989;522;PRINCIPAL
12990;232;PRINCIPAL
12991;229;PRINCIPAL
12992;268;PRINCIPAL
12993;524;PRINCIPAL
12994;264;PRINCIPAL
12995;588;PRINCIPAL
12996;251;PRINCIPAL
12997;187;PRINCIPAL
12998;268;PRINCIPAL
12999;259;PRINCIPAL
13000;522;PRINCIPAL
13001;522;PRINCIPAL
13002;262;PRINCIPAL
13003;229;PRINCIPAL
13004;583;PRINCIPAL
13005;583;PRINCIPAL
13006;264;PRINCIPAL
13007;251;PRINCIPAL
13008;274;PRINCIPAL
13009;83;PRINCIPAL
13010;356;PRINCIPAL
13011;265;PRINCIPAL
13012;602;PRINCIPAL
13013;522;PRINCIPAL
13014;270;PRINCIPAL
13015;522;PRINCIPAL
13016;24;PRINCIPAL
13017;249;PRINCIPAL
13018;524;PRINCIPAL
13019;522;PRINCIPAL
13020;218;PRINCIPAL
13021;154;PRINCIPAL
13022;176;PRINCIPAL
13023;393;PRINCIPAL
13024;522;PRINCIPAL
13025;524;PRINCIPAL
13026;522;PRINCIPAL
13027;218;PRINCIPAL
13028;692;PRINCIPAL
13029;547;PRINCIPAL
13030;181;PRINCIPAL
13031;181;PRINCIPAL
13032;588;PRINCIPAL
13033;689;PRINCIPAL
13034;181;PRINCIPAL
13035;688;PRINCIPAL
13036;689;PRINCIPAL
13037;692;PRINCIPAL
13038;692;PRINCIPAL
13039;107;PRINCIPAL
13040;89;PRINCIPAL
13041;398;PRINCIPAL
13042;580;PRINCIPAL
13043;387;PRINCIPAL
13044;522;PRINCIPAL
13045;588;PRINCIPAL
13046;522;PRINCIPAL
13047;260;PRINCIPAL
13048;522;PRINCIPAL
13049;249;PRINCIPAL
13050;308;PRINCIPAL
13051;519;PRINCIPAL
13052;107;PRINCIPAL
13053;516;PRINCIPAL
13054;524;PRINCIPAL
13055;531;PRINCIPAL
13056;251;PRINCIPAL
13057;181;PRINCIPAL
13058;522;PRINCIPAL
13059;51;PRINCIPAL
13060;516;PRINCIPAL
13061;522;PRINCIPAL
13062;251;PRINCIPAL
13063;524;PRINCIPAL
13064;524;PRINCIPAL
13065;522;PRINCIPAL
13066;522;PRINCIPAL
13067;270;PRINCIPAL
13068;285;PRINCIPAL
13069;524;PRINCIPAL
13070;232;PRINCIPAL
13071;522;PRINCIPAL
13072;216;PRINCIPAL
13073;583;PRINCIPAL
13074;516;PRINCIPAL
13075;522;PRINCIPAL
13076;523;PRINCIPAL
13077;522;PRINCIPAL
13078;522;PRINCIPAL
13079;185;PRINCIPAL
13080;522;PRINCIPAL
13081;522;PRINCIPAL
13082;522;PRINCIPAL
13083;254;PRINCIPAL
13084;387;PRINCIPAL
13085;227;PRINCIPAL
13086;391;PRINCIPAL
13087;216;PRINCIPAL
13088;218;PRINCIPAL
13089;187;PRINCIPAL
13090;583;PRINCIPAL
13091;522;PRINCIPAL
13092;522;PRINCIPAL
13093;275;PRINCIPAL
13094;223;PRINCIPAL
13095;522;PRINCIPAL
13096;159;PRINCIPAL
13097;522;PRINCIPAL
13098;123;PRINCIPAL
13099;277;PRINCIPAL
13100;187;PRINCIPAL
13101;522;PRINCIPAL
13102;522;PRINCIPAL
13103;201;PRINCIPAL
13104;229;PRINCIPAL
13105;524;PRINCIPAL
13106;294;PRINCIPAL
13107;321;PRINCIPAL
13108;176;PRINCIPAL
13109;185;PRINCIPAL
13110;522;PRINCIPAL
13111;567;PRINCIPAL
13112;349;PRINCIPAL
13113;393;PRINCIPAL
13114;522;PRINCIPAL
13115;104;PRINCIPAL
13116;588;PRINCIPAL
13117;602;PRINCIPAL
13118;264;PRINCIPAL
13119;229;PRINCIPAL
13120;294;PRINCIPAL
13121;522;PRINCIPAL
13122;264;PRINCIPAL
13123;578;PRINCIPAL
13124;266;PRINCIPAL
13125;232;PRINCIPAL
13126;249;PRINCIPAL
13127;415;PRINCIPAL
13128;83;PRINCIPAL
13129;190;PRINCIPAL
13130;294;PRINCIPAL
13131;397;PRINCIPAL
13132;522;PRINCIPAL
13133;232;PRINCIPAL
13134;44;PRINCIPAL
13135;218;PRINCIPAL
13136;522;PRINCIPAL
13137;89;PRINCIPAL
13138;264;PRINCIPAL
13139;522;PRINCIPAL
13140;187;PRINCIPAL
13141;218;PRINCIPAL
13142;277;PRINCIPAL
13143;277;PRINCIPAL
13144;166;PRINCIPAL
13145;187;PRINCIPAL
13146;390;PRINCIPAL
13147;522;PRINCIPAL
13148;294;PRINCIPAL
13149;524;PRINCIPAL
13150;127;PRINCIPAL
13151;127;PRINCIPAL
13152;153;PRINCIPAL
13153;239;PRINCIPAL
13154;522;PRINCIPAL
13155;588;PRINCIPAL
13156;169;PRINCIPAL
13157;522;PRINCIPAL
13158;522;PRINCIPAL
13159;250;PRINCIPAL
13160;522;PRINCIPAL
13161;522;PRINCIPAL
13162;371;PRINCIPAL
13163;176;PRINCIPAL
13164;522;PRINCIPAL
13165;522;PRINCIPAL
13166;34;PRINCIPAL
13167;270;PRINCIPAL
13168;524;PRINCIPAL
13169;229;PRINCIPAL
13170;209;PRINCIPAL
13171;129;PRINCIPAL
13172;251;PRINCIPAL
13173;229;PRINCIPAL
13174;633;PRINCIPAL
13175;522;PRINCIPAL
13176;181;PRINCIPAL
13177;524;PRINCIPAL
13178;251;PRINCIPAL
13179;201;PRINCIPAL
13180;181;PRINCIPAL
13181;12;PRINCIPAL
13182;113;PRINCIPAL
13183;381;PRINCIPAL
13184;79;PRINCIPAL
13185;5;PRINCIPAL
13186;198;PRINCIPAL
13187;196;PRINCIPAL
13188;7;PRINCIPAL
13189;294;PRINCIPAL
13190;158;PRINCIPAL
13191;522;PRINCIPAL
13192;251;PRINCIPAL
13193;6;PRINCIPAL
13194;5;PRINCIPAL
13195;210;PRINCIPAL
13196;193;PRINCIPAL
13197;102;PRINCIPAL
13198;89;PRINCIPAL
13199;107;PRINCIPAL
13200;29;PRINCIPAL
13201;29;PRINCIPAL
13202;12;PRINCIPAL
13203;294;PRINCIPAL
13204;181;PRINCIPAL
13205;171;PRINCIPAL
13206;710;PRINCIPAL
13207;175;PRINCIPAL
13208;181;PRINCIPAL
13209;605;PRINCIPAL
13210;181;PRINCIPAL
13211;181;PRINCIPAL
13212;689;PRINCIPAL
13213;689;PRINCIPAL
13214;171;PRINCIPAL
13215;223;PRINCIPAL
13216;585;PRINCIPAL
13217;181;PRINCIPAL
13218;689;PRINCIPAL
13219;181;PRINCIPAL
13220;181;PRINCIPAL
13221;181;PRINCIPAL
13222;181;PRINCIPAL
13223;737;PRINCIPAL
13224;588;PRINCIPAL
13225;181;PRINCIPAL
13226;181;PRINCIPAL
13227;692;PRINCIPAL
13228;175;PRINCIPAL
13229;181;PRINCIPAL
13230;181;PRINCIPAL
13231;181;PRINCIPAL
13232;173;PRINCIPAL
13233;229;PRINCIPAL
13234;415;PRINCIPAL
13235;181;PRINCIPAL
13236;181;PRINCIPAL
13237;181;PRINCIPAL
13238;187;PRINCIPAL
13239;176;PRINCIPAL
13240;181;PRINCIPAL
13241;181;PRINCIPAL
13242;181;PRINCIPAL
13243;181;PRINCIPAL
13244;181;PRINCIPAL
13245;689;PRINCIPAL
13246;41;PRINCIPAL
13247;689;PRINCIPAL
13248;381;PRINCIPAL
13249;97;PRINCIPAL
13250;97;PRINCIPAL
13251;97;PRINCIPAL
13252;181;PRINCIPAL
13253;113;PRINCIPAL
13254;522;PRINCIPAL
13255;239;PRINCIPAL
13256;147;PRINCIPAL
13257;522;PRINCIPAL
13258;522;PRINCIPAL
13259;201;PRINCIPAL
13260;187;PRINCIPAL
13261;522;PRINCIPAL
13262;142;PRINCIPAL
13263;362;PRINCIPAL
13264;169;PRINCIPAL
13265;169;PRINCIPAL
13266;29;PRINCIPAL
13267;107;PRINCIPAL
13268;4;PRINCIPAL
13269;308;PRINCIPAL
13270;95;PRINCIPAL
13271;522;PRINCIPAL
13272;524;PRINCIPAL
13273;692;PRINCIPAL
13274;522;PRINCIPAL
13275;34;PRINCIPAL
13276;155;PRINCIPAL
13277;136;PRINCIPAL
13278;201;PRINCIPAL
13279;185;PRINCIPAL
13280;399;PRINCIPAL
13281;251;PRINCIPAL
13282;522;PRINCIPAL
13283;247;PRINCIPAL
13284;232;PRINCIPAL
13285;218;PRINCIPAL
13286;522;PRINCIPAL
13287;522;PRINCIPAL
13288;524;PRINCIPAL
13289;585;PRINCIPAL
13290;239;PRINCIPAL
13291;483;PRINCIPAL
13292;657;PRINCIPAL
13293;522;PRINCIPAL
13294;232;PRINCIPAL
13295;239;PRINCIPAL
13296;463;PRINCIPAL
13297;174;PRINCIPAL
13298;382;PRINCIPAL
13299;198;PRINCIPAL
13300;294;PRINCIPAL
13301;206;PRINCIPAL
13302;109;PRINCIPAL
13303;251;PRINCIPAL
13304;176;PRINCIPAL
13305;522;PRINCIPAL
13306;524;PRINCIPAL
13307;145;PRINCIPAL
13308;158;PRINCIPAL
13309;158;PRINCIPAL
13310;181;PRINCIPAL
13311;524;PRINCIPAL
13312;427;PRINCIPAL
13313;270;PRINCIPAL
13314;308;PRINCIPAL
13315;522;PRINCIPAL
13316;384;PRINCIPAL
13317;522;PRINCIPAL
13318;232;PRINCIPAL
13319;221;PRINCIPAL
13320;93;PRINCIPAL
13321;4;PRINCIPAL
13322;522;PRINCIPAL
13323;569;PRINCIPAL
13324;126;PRINCIPAL
13325;221;PRINCIPAL
13326;249;PRINCIPAL
13327;277;PRINCIPAL
13328;599;PRINCIPAL
13329;226;PRINCIPAL
13330;270;PRINCIPAL
13331;381;PRINCIPAL
13332;107;PRINCIPAL
13333;14;PRINCIPAL
13334;239;PRINCIPAL
13335;206;PRINCIPAL
13336;339;PRINCIPAL
13337;590;PRINCIPAL
13338;24;PRINCIPAL
13339;266;PRINCIPAL
13340;5;PRINCIPAL
13341;187;PRINCIPAL
13342;527;PRINCIPAL
13343;522;PRINCIPAL
13344;264;PRINCIPAL
13345;166;PRINCIPAL
13346;583;PRINCIPAL
13347;522;PRINCIPAL
13348;229;PRINCIPAL
13349;91;PRINCIPAL
13350;190;PRINCIPAL
13351;246;PRINCIPAL
13352;268;PRINCIPAL
13353;93;PRINCIPAL
13354;522;PRINCIPAL
13355;522;PRINCIPAL
13356;522;PRINCIPAL
13357;522;PRINCIPAL
13358;522;PRINCIPAL
13359;201;PRINCIPAL
13360;187;PRINCIPAL
13361;83;PRINCIPAL
13362;522;PRINCIPAL
13363;266;PRINCIPAL
13364;225;PRINCIPAL
13365;205;PRINCIPAL
13366;269;PRINCIPAL
13367;522;PRINCIPAL
13368;218;PRINCIPAL
13369;145;PRINCIPAL
13370;211;PRINCIPAL
13371;397;PRINCIPAL
13372;149;PRINCIPAL
13373;147;PRINCIPAL
13374;145;PRINCIPAL
13375;97;PRINCIPAL
13376;97;PRINCIPAL
13377;262;PRINCIPAL
13378;522;PRINCIPAL
13379;270;PRINCIPAL
13380;442;PRINCIPAL
13381;142;PRINCIPAL
13382;187;PRINCIPAL
13383;97;PRINCIPAL
13384;583;PRINCIPAL
13385;657;PRINCIPAL
13386;102;PRINCIPAL
13387;97;PRINCIPAL
13388;185;PRINCIPAL
13389;155;PRINCIPAL
13390;270;PRINCIPAL
13391;522;PRINCIPAL
13392;126;PRINCIPAL
13393;268;PRINCIPAL
13394;522;PRINCIPAL
13395;181;PRINCIPAL
13396;270;PRINCIPAL
13397;353;PRINCIPAL
13398;264;PRINCIPAL
13399;264;PRINCIPAL
13400;104;PRINCIPAL
13401;522;PRINCIPAL
13402;522;PRINCIPAL
13403;443;PRINCIPAL
13404;270;PRINCIPAL
13405;232;PRINCIPAL
13406;463;PRINCIPAL
13407;243;PRINCIPAL
13408;218;PRINCIPAL
13409;154;PRINCIPAL
13410;522;PRINCIPAL
13411;264;PRINCIPAL
13412;264;PRINCIPAL
13413;255;PRINCIPAL
13414;633;PRINCIPAL
13415;187;PRINCIPAL
13416;95;PRINCIPAL
13417;187;PRINCIPAL
13418;283;PRINCIPAL
13419;34;PRINCIPAL
13420;277;PRINCIPAL
13421;102;PRINCIPAL
13422;522;PRINCIPAL
13423;268;PRINCIPAL
13424;154;PRINCIPAL
13425;129;PRINCIPAL
13426;142;PRINCIPAL
13427;387;PRINCIPAL
13428;465;PRINCIPAL
13429;522;PRINCIPAL
13430;232;PRINCIPAL
13431;522;PRINCIPAL
13432;218;PRINCIPAL
13433;425;PRINCIPAL
13434;427;PRINCIPAL
13435;232;PRINCIPAL
13436;218;PRINCIPAL
13437;150;PRINCIPAL
13438;277;PRINCIPAL
13439;522;PRINCIPAL
13440;387;PRINCIPAL
13441;232;PRINCIPAL
13442;689;PRINCIPAL
13443;300;PRINCIPAL
13444;522;PRINCIPAL
13445;169;PRINCIPAL
13446;232;PRINCIPAL
13447;232;PRINCIPAL
13448;251;PRINCIPAL
13449;524;PRINCIPAL
13450;229;PRINCIPAL
13451;166;PRINCIPAL
13452;311;PRINCIPAL
13453;362;PRINCIPAL
13454;412;PRINCIPAL
13455;387;PRINCIPAL
13456;522;PRINCIPAL
13457;522;PRINCIPAL
13458;524;PRINCIPAL
13459;5;PRINCIPAL
13460;569;PRINCIPAL
13461;522;PRINCIPAL
13462;387;PRINCIPAL
13463;145;PRINCIPAL
13464;140;PRINCIPAL
13465;522;PRINCIPAL
13466;522;PRINCIPAL
13467;281;PRINCIPAL
13468;277;PRINCIPAL
13469;218;PRINCIPAL
13470;522;PRINCIPAL
13471;522;PRINCIPAL
13472;264;PRINCIPAL
13473;206;PRINCIPAL
13474;375;PRINCIPAL
13475;264;PRINCIPAL
13476;275;PRINCIPAL
13477;264;PRINCIPAL
13478;583;PRINCIPAL
13479;218;PRINCIPAL
13480;264;PRINCIPAL
13481;259;PRINCIPAL
13482;201;PRINCIPAL
13483;264;PRINCIPAL
13484;264;PRINCIPAL
13485;264;PRINCIPAL
13486;218;PRINCIPAL
13487;264;PRINCIPAL
13488;249;PRINCIPAL
13489;205;PRINCIPAL
13490;264;PRINCIPAL
13491;267;PRINCIPAL
13492;218;PRINCIPAL
13493;216;PRINCIPAL
13494;275;PRINCIPAL
13495;218;PRINCIPAL
13496;218;PRINCIPAL
13497;270;PRINCIPAL
13498;218;PRINCIPAL
13499;218;PRINCIPAL
13500;264;PRINCIPAL
13501;210;PRINCIPAL
13502;218;PRINCIPAL
13503;218;PRINCIPAL
13504;218;PRINCIPAL
13505;277;PRINCIPAL
13506;205;PRINCIPAL
13507;217;PRINCIPAL
13508;218;PRINCIPAL
13509;249;PRINCIPAL
13510;522;PRINCIPAL
13511;522;PRINCIPAL
13512;187;PRINCIPAL
13513;251;PRINCIPAL
13514;247;PRINCIPAL
13515;522;PRINCIPAL
13516;155;PRINCIPAL
13517;390;PRINCIPAL
13518;265;PRINCIPAL
13519;692;PRINCIPAL
13520;181;PRINCIPAL
13521;523;PRINCIPAL
13522;173;PRINCIPAL
13523;406;PRINCIPAL
13524;218;PRINCIPAL
13525;80;PRINCIPAL
13526;588;PRINCIPAL
13527;522;PRINCIPAL
13528;522;PRINCIPAL
13529;522;PRINCIPAL
13530;109;PRINCIPAL
13531;270;PRINCIPAL
13532;221;PRINCIPAL
13533;251;PRINCIPAL
13534;524;PRINCIPAL
13535;522;PRINCIPAL
13536;522;PRINCIPAL
13537;522;PRINCIPAL
13538;522;PRINCIPAL
13539;211;PRINCIPAL
13540;154;PRINCIPAL
13541;588;PRINCIPAL
13542;99;PRINCIPAL
13543;99;PRINCIPAL
13544;99;PRINCIPAL
13545;99;PRINCIPAL
13546;99;PRINCIPAL
13547;102;PRINCIPAL
13548;99;PRINCIPAL
13549;264;PRINCIPAL
13550;198;PRINCIPAL
13551;356;PRINCIPAL
13552;522;PRINCIPAL
13553;524;PRINCIPAL
13554;367;PRINCIPAL
13555;113;PRINCIPAL
13556;239;PRINCIPAL
13557;522;PRINCIPAL
13558;181;PRINCIPAL
13559;277;PRINCIPAL
13560;209;PRINCIPAL
13561;268;PRINCIPAL
13562;400;PRINCIPAL
13563;270;PRINCIPAL
13564;247;PRINCIPAL
13565;270;PRINCIPAL
13566;239;PRINCIPAL
13567;657;PRINCIPAL
13568;657;PRINCIPAL
13569;522;PRINCIPAL
13570;393;PRINCIPAL
13571;524;PRINCIPAL
13572;181;PRINCIPAL
13573;229;PRINCIPAL
13574;522;PRINCIPAL
13575;522;PRINCIPAL
13576;522;PRINCIPAL
13577;270;PRINCIPAL
13578;218;PRINCIPAL
13579;270;PRINCIPAL
13580;294;PRINCIPAL
13581;522;PRINCIPAL
13582;187;PRINCIPAL
13583;187;PRINCIPAL
13584;391;PRINCIPAL
13585;524;PRINCIPAL
13586;99;PRINCIPAL
13587;416;PRINCIPAL
13588;412;PRINCIPAL
13589;218;PRINCIPAL
13590;567;PRINCIPAL
13591;126;PRINCIPAL
13592;218;PRINCIPAL
13593;148;PRINCIPAL
13594;416;PRINCIPAL
13595;232;PRINCIPAL
13596;522;PRINCIPAL
13597;392;PRINCIPAL
13598;80;PRINCIPAL
13599;107;PRINCIPAL
13600;524;PRINCIPAL
13601;187;PRINCIPAL
13602;522;PRINCIPAL
13603;187;PRINCIPAL
13604;264;PRINCIPAL
13605;657;PRINCIPAL
13606;102;PRINCIPAL
13607;262;PRINCIPAL
13608;524;PRINCIPAL
13609;524;PRINCIPAL
13610;522;PRINCIPAL
13611;689;PRINCIPAL
13612;522;PRINCIPAL
13613;522;PRINCIPAL
13614;524;PRINCIPAL
13615;175;PRINCIPAL
13616;524;PRINCIPAL
13617;522;PRINCIPAL
13618;522;PRINCIPAL
13619;522;PRINCIPAL
13620;356;PRINCIPAL
13621;522;PRINCIPAL
13622;390;PRINCIPAL
13623;184;PRINCIPAL
13624;522;PRINCIPAL
13625;522;PRINCIPAL
13626;524;PRINCIPAL
13627;170;PRINCIPAL
13628;524;PRINCIPAL
13629;524;PRINCIPAL
13630;522;PRINCIPAL
13631;209;PRINCIPAL
13632;12;PRINCIPAL
13633;522;PRINCIPAL
13634;308;PRINCIPAL
13635;593;PRINCIPAL
13636;522;PRINCIPAL
13637;522;PRINCIPAL
13638;524;PRINCIPAL
13639;390;PRINCIPAL
13640;356;PRINCIPAL
13641;583;PRINCIPAL
13642;181;PRINCIPAL
13643;187;PRINCIPAL
13644;392;PRINCIPAL
13645;95;PRINCIPAL
13646;257;PRINCIPAL
13647;522;PRINCIPAL
13648;171;PRINCIPAL
13649;185;PRINCIPAL
13650;524;PRINCIPAL
13651;97;PRINCIPAL
13652;524;PRINCIPAL
13653;176;PRINCIPAL
13654;239;PRINCIPAL
13655;522;PRINCIPAL
13656;205;PRINCIPAL
13657;166;PRINCIPAL
13658;509;PRINCIPAL
13659;393;PRINCIPAL
13660;196;PRINCIPAL
13661;390;PRINCIPAL
13662;524;PRINCIPAL
13663;522;PRINCIPAL
13664;232;PRINCIPAL
13665;308;PRINCIPAL
13666;187;PRINCIPAL
13667;522;PRINCIPAL
13668;583;PRINCIPAL
13669;524;PRINCIPAL
13670;657;PRINCIPAL
13671;753;PRINCIPAL
13672;522;PRINCIPAL
13673;109;PRINCIPAL
13674;321;PRINCIPAL
13675;384;PRINCIPAL
13676;676;PRINCIPAL
13677;524;PRINCIPAL
13678;109;PRINCIPAL
13679;107;PRINCIPAL
13680;692;PRINCIPAL
13681;95;PRINCIPAL
13682;102;PRINCIPAL
13683;524;PRINCIPAL
13684;425;PRINCIPAL
13685;294;PRINCIPAL
13686;142;PRINCIPAL
13687;352;PRINCIPAL
13688;522;PRINCIPAL
13689;229;PRINCIPAL
13690;218;PRINCIPAL
13691;516;PRINCIPAL
13692;753;PRINCIPAL
13693;95;PRINCIPAL
13694;308;PRINCIPAL
13695;657;PRINCIPAL
13696;270;PRINCIPAL
13697;277;PRINCIPAL
13698;524;PRINCIPAL
13699;91;PRINCIPAL
13700;229;PRINCIPAL
13701;387;PRINCIPAL
13702;524;PRINCIPAL
13703;523;PRINCIPAL
13704;522;PRINCIPAL
13705;522;PRINCIPAL
13706;522;PRINCIPAL
13707;522;PRINCIPAL
13708;391;PRINCIPAL
13709;181;PRINCIPAL
13710;277;PRINCIPAL
13711;384;PRINCIPAL
13712;580;PRINCIPAL
13713;522;PRINCIPAL
13714;148;PRINCIPAL
13715;218;PRINCIPAL
13716;522;PRINCIPAL
13717;390;PRINCIPAL
13718;34;PRINCIPAL
13719;264;PRINCIPAL
13720;382;PRINCIPAL
13721;522;PRINCIPAL
13722;588;PRINCIPAL
13723;312;PRINCIPAL
13724;689;PRINCIPAL
13725;142;PRINCIPAL
13726;181;PRINCIPAL
13727;522;PRINCIPAL
13728;427;PRINCIPAL
13729;356;PRINCIPAL
13730;50;PRINCIPAL
13731;270;PRINCIPAL
13732;243;PRINCIPAL
13733;187;PRINCIPAL
13734;412;PRINCIPAL
13735;158;PRINCIPAL
13736;149;PRINCIPAL
13737;239;PRINCIPAL
13738;522;PRINCIPAL
13739;97;PRINCIPAL
13740;522;PRINCIPAL
13741;270;PRINCIPAL
13742;522;PRINCIPAL
13743;64;PRINCIPAL
13744;181;PRINCIPAL
13745;387;PRINCIPAL
13746;153;PRINCIPAL
13747;153;PRINCIPAL
13748;154;PRINCIPAL
13749;153;PRINCIPAL
13750;154;PRINCIPAL
13751;153;PRINCIPAL
13752;522;PRINCIPAL
13753;522;PRINCIPAL
13754;524;PRINCIPAL
13755;588;PRINCIPAL
13756;523;PRINCIPAL
13757;217;PRINCIPAL
13758;52;PRINCIPAL
13759;567;PRINCIPAL
13760;12;PRINCIPAL
13761;352;PRINCIPAL
13762;218;PRINCIPAL
13763;262;PRINCIPAL
13764;15;PRINCIPAL
13765;524;PRINCIPAL
13766;522;PRINCIPAL
13767;107;PRINCIPAL
13768;753;PRINCIPAL
13769;181;PRINCIPAL
13770;196;PRINCIPAL
13771;371;PRINCIPAL
13772;527;PRINCIPAL
13773;249;PRINCIPAL
13774;353;PRINCIPAL
13775;129;PRINCIPAL
13776;522;PRINCIPAL
13777;29;PRINCIPAL
13778;229;PRINCIPAL
13779;524;PRINCIPAL
13780;277;PRINCIPAL
13781;102;PRINCIPAL
13782;522;PRINCIPAL
13783;522;PRINCIPAL
13784;522;PRINCIPAL
13785;275;PRINCIPAL
13786;51;PRINCIPAL
13787;262;PRINCIPAL
13788;63;PRINCIPAL
13789;410;PRINCIPAL
13790;63;PRINCIPAL
13792;187;PRINCIPAL
13793;181;PRINCIPAL
13794;387;PRINCIPAL
13795;522;PRINCIPAL
13796;522;PRINCIPAL
13797;107;PRINCIPAL
13798;485;PRINCIPAL
13799;150;PRINCIPAL
13800;74;PRINCIPAL
13801;264;PRINCIPAL
13802;221;PRINCIPAL
13803;524;PRINCIPAL
13804;105;PRINCIPAL
13805;580;PRINCIPAL
13806;24;PRINCIPAL
13807;275;PRINCIPAL
13808;145;PRINCIPAL
13809;524;PRINCIPAL
13810;174;PRINCIPAL
13811;275;PRINCIPAL
13812;567;PRINCIPAL
13813;524;PRINCIPAL
13814;264;PRINCIPAL
13815;241;PRINCIPAL
13816;583;PRINCIPAL
13817;522;PRINCIPAL
13818;187;PRINCIPAL
13819;187;PRINCIPAL
13820;187;PRINCIPAL
13821;187;PRINCIPAL
13822;187;PRINCIPAL
13823;187;PRINCIPAL
13824;522;PRINCIPAL
13825;522;PRINCIPAL
13826;201;PRINCIPAL
13827;264;PRINCIPAL
13828;201;PRINCIPAL
13829;689;PRINCIPAL
13830;249;PRINCIPAL
13831;522;PRINCIPAL
13832;522;PRINCIPAL
13833;203;PRINCIPAL
13834;280;PRINCIPAL
13835;251;PRINCIPAL
13836;398;PRINCIPAL
13837;270;PRINCIPAL
13838;187;PRINCIPAL
13839;187;PRINCIPAL
13840;187;PRINCIPAL
13841;264;PRINCIPAL
13842;109;PRINCIPAL
13843;277;PRINCIPAL
13844;170;PRINCIPAL
13845;524;PRINCIPAL
13846;522;PRINCIPAL
13847;522;PRINCIPAL
13848;251;PRINCIPAL
13849;93;PRINCIPAL
13850;522;PRINCIPAL
13851;524;PRINCIPAL
13852;251;PRINCIPAL
13853;593;PRINCIPAL
13854;275;PRINCIPAL
13855;672;PRINCIPAL
13856;522;PRINCIPAL
13857;524;PRINCIPAL
13858;522;PRINCIPAL
13859;522;PRINCIPAL
13860;522;PRINCIPAL
13861;196;PRINCIPAL
13862;218;PRINCIPAL
13863;198;PRINCIPAL
13864;232;PRINCIPAL
13865;196;PRINCIPAL
13866;522;PRINCIPAL
13867;657;PRINCIPAL
13868;522;PRINCIPAL
13869;223;PRINCIPAL
13870;270;PRINCIPAL
13871;524;PRINCIPAL
13872;158;PRINCIPAL
13873;218;PRINCIPAL
13874;627;PRINCIPAL
13875;142;PRINCIPAL
13876;522;PRINCIPAL
13877;181;PRINCIPAL
13878;585;PRINCIPAL
13879;264;PRINCIPAL
13880;187;PRINCIPAL
13881;524;PRINCIPAL
13882;692;PRINCIPAL
13883;155;PRINCIPAL
13884;522;PRINCIPAL
13885;89;PRINCIPAL
13886;83;PRINCIPAL
13887;97;PRINCIPAL
13888;173;PRINCIPAL
13889;265;PRINCIPAL
13890;107;PRINCIPAL
13891;22;PRINCIPAL
13892;107;PRINCIPAL
13893;384;PRINCIPAL
13894;89;PRINCIPAL
13895;239;PRINCIPAL
13896;181;PRINCIPAL
13897;107;PRINCIPAL
13898;107;PRINCIPAL
13899;308;PRINCIPAL
13900;449;PRINCIPAL
13901;176;PRINCIPAL
13902;176;PRINCIPAL
13903;181;PRINCIPAL
13904;22;PRINCIPAL
13905;522;PRINCIPAL
13906;522;PRINCIPAL
13907;239;PRINCIPAL
13908;522;PRINCIPAL
13909;522;PRINCIPAL
13910;187;PRINCIPAL
13911;232;PRINCIPAL
13912;95;PRINCIPAL
13913;400;PRINCIPAL
13914;270;PRINCIPAL
13915;109;PRINCIPAL
13916;107;PRINCIPAL
13917;597;PRINCIPAL
13918;103;PRINCIPAL
13919;215;PRINCIPAL
13920;187;PRINCIPAL
13921;522;PRINCIPAL
13922;181;PRINCIPAL
13923;353;PRINCIPAL
13924;522;PRINCIPAL
13925;522;PRINCIPAL
13926;285;PRINCIPAL
13927;524;PRINCIPAL
13928;522;PRINCIPAL
13929;387;PRINCIPAL
13930;689;PRINCIPAL
13931;524;PRINCIPAL
13932;93;PRINCIPAL
13933;217;PRINCIPAL
13934;356;PRINCIPAL
13935;44;PRINCIPAL
13936;443;PRINCIPAL
13937;232;PRINCIPAL
13938;229;PRINCIPAL
13939;27;PRINCIPAL
13940;181;PRINCIPAL
13941;270;PRINCIPAL
13942;580;PRINCIPAL
13943;239;PRINCIPAL
13944;522;PRINCIPAL
13945;522;PRINCIPAL
13946;522;PRINCIPAL
13947;210;PRINCIPAL
13948;308;PRINCIPAL
13949;522;PRINCIPAL
13950;524;PRINCIPAL
13951;221;PRINCIPAL
13952;522;PRINCIPAL
13953;223;PRINCIPAL
13954;588;PRINCIPAL
13955;225;PRINCIPAL
13956;256;PRINCIPAL
13957;6;PRINCIPAL
13958;384;PRINCIPAL
13959;181;PRINCIPAL
13960;176;PRINCIPAL
13961;588;PRINCIPAL
13962;176;PRINCIPAL
13963;181;PRINCIPAL
13964;216;PRINCIPAL
13965;522;PRINCIPAL
13966;275;PRINCIPAL
13967;129;PRINCIPAL
13968;375;PRINCIPAL
13969;173;PRINCIPAL
13970;249;PRINCIPAL
13971;544;PRINCIPAL
13972;311;PRINCIPAL
13973;277;PRINCIPAL
13974;197;PRINCIPAL
13975;153;PRINCIPAL
13976;275;PRINCIPAL
13977;232;PRINCIPAL
13978;187;PRINCIPAL
13979;232;PRINCIPAL
13980;181;PRINCIPAL
13981;527;PRINCIPAL
13982;524;PRINCIPAL
13983;524;PRINCIPAL
13984;174;PRINCIPAL
13985;393;PRINCIPAL
13986;187;PRINCIPAL
13987;184;PRINCIPAL
13988;522;PRINCIPAL
13989;339;PRINCIPAL
13990;339;PRINCIPAL
13991;390;PRINCIPAL
13992;218;PRINCIPAL
13993;262;PRINCIPAL
13994;259;PRINCIPAL
13995;382;PRINCIPAL
13996;289;PRINCIPAL
13997;392;PRINCIPAL
13998;275;PRINCIPAL
13999;273;PRINCIPAL
14000;615;PRINCIPAL
14001;522;PRINCIPAL
14002;262;PRINCIPAL
14003;251;PRINCIPAL
14004;605;PRINCIPAL
14005;259;PRINCIPAL
14006;174;PRINCIPAL
14007;313;PRINCIPAL
14008;599;PRINCIPAL
14009;185;PRINCIPAL
14010;522;PRINCIPAL
14011;277;PRINCIPAL
14012;97;PRINCIPAL
14013;275;PRINCIPAL
14014;382;PRINCIPAL
14015;184;PRINCIPAL
14016;29;PRINCIPAL
14017;187;PRINCIPAL
14018;218;PRINCIPAL
14019;524;PRINCIPAL
14020;416;PRINCIPAL
14021;270;PRINCIPAL
14022;169;PRINCIPAL
14023;522;PRINCIPAL
14024;113;PRINCIPAL
14025;126;PRINCIPAL
14026;64;PRINCIPAL
14027;223;PRINCIPAL
14028;97;PRINCIPAL
14029;522;PRINCIPAL
14030;583;PRINCIPAL
14031;583;PRINCIPAL
14032;522;PRINCIPAL
14033;268;PRINCIPAL
14034;657;PRINCIPAL
14035;4;PRINCIPAL
14036;392;PRINCIPAL
14037;308;PRINCIPAL
14038;524;PRINCIPAL
14039;270;PRINCIPAL
14040;121;PRINCIPAL
14041;154;PRINCIPAL
14042;387;PRINCIPAL
14043;463;PRINCIPAL
14044;123;PRINCIPAL
14045;187;PRINCIPAL
14046;221;PRINCIPAL
14047;229;PRINCIPAL
14048;522;PRINCIPAL
14049;181;PRINCIPAL
14050;95;PRINCIPAL
14051;22;PRINCIPAL
14052;181;PRINCIPAL
14053;218;PRINCIPAL
14054;522;PRINCIPAL
14055;523;PRINCIPAL
14056;384;PRINCIPAL
14057;113;PRINCIPAL
14058;211;PRINCIPAL
14059;99;PRINCIPAL
14060;13;PRINCIPAL
14061;103;PRINCIPAL
14062;522;PRINCIPAL
14063;277;PRINCIPAL
14064;522;PRINCIPAL
14065;524;PRINCIPAL
14066;209;PRINCIPAL
14067;268;PRINCIPAL
14068;139;PRINCIPAL
14069;262;PRINCIPAL
14070;615;PRINCIPAL
14071;270;PRINCIPAL
14072;270;PRINCIPAL
14073;373;PRINCIPAL
14074;223;PRINCIPAL
14075;79;PRINCIPAL
14076;349;PRINCIPAL
14077;175;PRINCIPAL
14078;741;PRINCIPAL
14079;524;PRINCIPAL
14080;308;PRINCIPAL
14081;16;PRINCIPAL
14082;205;PRINCIPAL
14083;113;PRINCIPAL
14084;270;PRINCIPAL
14085;232;PRINCIPAL
14086;688;PRINCIPAL
14087;688;PRINCIPAL
14088;692;PRINCIPAL
14089;524;PRINCIPAL
14090;89;PRINCIPAL
14091;97;PRINCIPAL
14092;201;PRINCIPAL
14093;692;PRINCIPAL
14094;583;PRINCIPAL
14095;522;PRINCIPAL
14096;264;PRINCIPAL
14097;580;PRINCIPAL
14098;672;PRINCIPAL
14099;198;PRINCIPAL
14100;22;PRINCIPAL
14101;181;PRINCIPAL
14102;522;PRINCIPAL
14103;522;PRINCIPAL
14104;232;PRINCIPAL
14105;583;PRINCIPAL
14106;522;PRINCIPAL
14107;270;PRINCIPAL
14108;524;PRINCIPAL
14109;259;PRINCIPAL
14110;294;PRINCIPAL
14111;524;PRINCIPAL
14112;522;PRINCIPAL
14113;375;PRINCIPAL
14114;522;PRINCIPAL
14115;249;PRINCIPAL
14116;524;PRINCIPAL
14117;590;PRINCIPAL
14118;107;PRINCIPAL
14119;205;PRINCIPAL
14120;24;PRINCIPAL
14121;126;PRINCIPAL
14122;420;PRINCIPAL
14123;522;PRINCIPAL
14124;44;PRINCIPAL
14125;657;PRINCIPAL
14126;599;PRINCIPAL
14127;275;PRINCIPAL
14128;349;PRINCIPAL
14129;522;PRINCIPAL
14130;522;PRINCIPAL
14131;229;PRINCIPAL
14132;257;PRINCIPAL
14133;522;PRINCIPAL
14134;187;PRINCIPAL
14135;583;PRINCIPAL
14136;239;PRINCIPAL
14137;239;PRINCIPAL
14138;176;PRINCIPAL
14139;393;PRINCIPAL
14140;583;PRINCIPAL
14141;656;PRINCIPAL
14142;583;PRINCIPAL
14143;583;PRINCIPAL
14144;585;PRINCIPAL
14145;750;PRINCIPAL
14146;439;PRINCIPAL
14147;280;PRINCIPAL
14148;434;PRINCIPAL
14149;24;PRINCIPAL
14150;201;PRINCIPAL
14151;527;PRINCIPAL
14152;435;PRINCIPAL
14153;522;PRINCIPAL
14154;522;PRINCIPAL
14155;251;PRINCIPAL
14156;259;PRINCIPAL
14157;210;PRINCIPAL
14158;543;PRINCIPAL
14159;583;PRINCIPAL
14160;657;PRINCIPAL
14161;201;PRINCIPAL
14162;522;PRINCIPAL
14163;264;PRINCIPAL
14164;588;PRINCIPAL
14165;145;PRINCIPAL
14166;583;PRINCIPAL
14167;185;PRINCIPAL
14168;210;PRINCIPAL
14169;239;PRINCIPAL
14170;270;PRINCIPAL
14171;522;PRINCIPAL
14172;203;PRINCIPAL
14173;210;PRINCIPAL
14174;349;PRINCIPAL
14175;583;PRINCIPAL
14176;387;PRINCIPAL
14177;198;PRINCIPAL
14178;176;PRINCIPAL
14179;176;PRINCIPAL
14180;516;PRINCIPAL
14181;187;PRINCIPAL
14182;229;PRINCIPAL
14183;387;PRINCIPAL
14184;522;PRINCIPAL
14185;524;PRINCIPAL
14186;522;PRINCIPAL
14187;522;PRINCIPAL
14188;522;PRINCIPAL
14189;522;PRINCIPAL
14190;522;PRINCIPAL
14191;522;PRINCIPAL
14192;218;PRINCIPAL
14193;538;PRINCIPAL
14194;522;PRINCIPAL
14195;524;PRINCIPAL
14196;524;PRINCIPAL
14197;229;PRINCIPAL
14198;583;PRINCIPAL
14199;463;PRINCIPAL
14200;524;PRINCIPAL
14201;223;PRINCIPAL
14202;522;PRINCIPAL
14203;527;PRINCIPAL
14204;522;PRINCIPAL
14205;522;PRINCIPAL
14206;97;PRINCIPAL
14207;524;PRINCIPAL
14208;524;PRINCIPAL
14209;209;PRINCIPAL
14210;692;PRINCIPAL
14211;330;PRINCIPAL
14212;522;PRINCIPAL
14213;689;PRINCIPAL
14214;384;PRINCIPAL
14215;522;PRINCIPAL
14216;522;PRINCIPAL
14217;522;PRINCIPAL
14218;524;PRINCIPAL
14219;522;PRINCIPAL
14220;524;PRINCIPAL
14221;522;PRINCIPAL
14222;524;PRINCIPAL
14223;590;PRINCIPAL
14224;522;PRINCIPAL
14225;522;PRINCIPAL
14226;218;PRINCIPAL
14227;270;PRINCIPAL
14228;170;PRINCIPAL
14229;275;PRINCIPAL
14230;345;PRINCIPAL
14231;381;PRINCIPAL
14232;524;PRINCIPAL
14233;225;PRINCIPAL
14234;193;PRINCIPAL
14235;522;PRINCIPAL
14236;522;PRINCIPAL
14237;522;PRINCIPAL
14238;522;PRINCIPAL
14239;270;PRINCIPAL
14240;522;PRINCIPAL
14241;633;PRINCIPAL
14242;522;PRINCIPAL
14243;580;PRINCIPAL
14244;522;PRINCIPAL
14245;522;PRINCIPAL
14246;187;PRINCIPAL
14247;12;PRINCIPAL
14248;308;PRINCIPAL
14249;174;PRINCIPAL
14250;91;PRINCIPAL
14251;522;PRINCIPAL
14252;218;PRINCIPAL
14253;173;PRINCIPAL
14254;206;PRINCIPAL
14255;181;PRINCIPAL
14256;175;PRINCIPAL
14257;24;PRINCIPAL
14258;522;PRINCIPAL
14259;524;PRINCIPAL
14260;349;PRINCIPAL
14261;22;PRINCIPAL
14262;181;PRINCIPAL
14263;173;PRINCIPAL
14264;522;PRINCIPAL
14265;187;PRINCIPAL
14266;400;PRINCIPAL
14267;527;PRINCIPAL
14268;522;PRINCIPAL
14269;524;PRINCIPAL
14270;356;PRINCIPAL
14271;107;PRINCIPAL
14272;524;PRINCIPAL
14273;187;PRINCIPAL
14274;24;PRINCIPAL
14275;97;PRINCIPAL
14276;524;PRINCIPAL
14277;692;PRINCIPAL
14278;218;PRINCIPAL
14279;392;PRINCIPAL
14280;187;PRINCIPAL
14281;522;PRINCIPAL
14282;524;PRINCIPAL
14283;145;PRINCIPAL
14284;524;PRINCIPAL
14285;657;PRINCIPAL
14286;294;PRINCIPAL
14287;97;PRINCIPAL
14288;330;PRINCIPAL
14289;129;PRINCIPAL
14290;28;PRINCIPAL
14291;387;PRINCIPAL
14292;176;PRINCIPAL
14293;176;PRINCIPAL
14294;185;PRINCIPAL
14295;522;PRINCIPAL
14296;524;PRINCIPAL
14297;381;PRINCIPAL
14298;89;PRINCIPAL
14299;270;PRINCIPAL
14300;522;PRINCIPAL
14301;524;PRINCIPAL
14302;538;PRINCIPAL
14303;601;PRINCIPAL
14304;169;PRINCIPAL
14305;176;PRINCIPAL
14306;522;PRINCIPAL
14307;362;PRINCIPAL
14308;384;PRINCIPAL
14309;392;PRINCIPAL
14310;255;PRINCIPAL
14311;522;PRINCIPAL
14312;522;PRINCIPAL
14313;522;PRINCIPAL
14314;181;PRINCIPAL
14315;522;PRINCIPAL
14316;522;PRINCIPAL
14317;522;PRINCIPAL
14318;229;PRINCIPAL
14319;391;PRINCIPAL
14320;393;PRINCIPAL
14321;522;PRINCIPAL
14322;522;PRINCIPAL
14323;522;PRINCIPAL
14324;396;PRINCIPAL
14325;259;PRINCIPAL
14326;150;PRINCIPAL
14327;523;PRINCIPAL
14328;583;PRINCIPAL
14329;107;PRINCIPAL
14330;522;PRINCIPAL
14331;217;PRINCIPAL
14332;201;PRINCIPAL
14333;265;PRINCIPAL
14334;187;PRINCIPAL
14335;210;PRINCIPAL
14336;249;PRINCIPAL
14337;264;PRINCIPAL
14338;264;PRINCIPAL
14339;270;PRINCIPAL
14340;275;PRINCIPAL
14341;264;PRINCIPAL
14342;89;PRINCIPAL
14343;187;PRINCIPAL
14344;277;PRINCIPAL
14345;277;PRINCIPAL
14346;524;PRINCIPAL
14347;367;PRINCIPAL
14348;270;PRINCIPAL
14349;522;PRINCIPAL
14350;522;PRINCIPAL
14351;122;PRINCIPAL
14352;102;PRINCIPAL
14353;689;PRINCIPAL
14354;524;PRINCIPAL
14355;218;PRINCIPAL
14356;522;PRINCIPAL
14357;522;PRINCIPAL
14358;524;PRINCIPAL
14359;176;PRINCIPAL
14360;522;PRINCIPAL
14361;249;PRINCIPAL
14362;201;PRINCIPAL
14363;262;PRINCIPAL
14364;232;PRINCIPAL
14365;229;PRINCIPAL
14366;356;PRINCIPAL
14367;239;PRINCIPAL
14368;210;PRINCIPAL
14369;381;PRINCIPAL
14370;519;PRINCIPAL
14371;522;PRINCIPAL
14372;209;PRINCIPAL
14373;234;PRINCIPAL
14374;270;PRINCIPAL
14375;181;PRINCIPAL
14376;277;PRINCIPAL
14377;148;PRINCIPAL
14378;187;PRINCIPAL
14379;262;PRINCIPAL
14380;249;PRINCIPAL
14381;229;PRINCIPAL
14382;239;PRINCIPAL
14383;268;PRINCIPAL
14384;580;PRINCIPAL
14385;262;PRINCIPAL
14386;210;PRINCIPAL
14387;522;PRINCIPAL
14388;524;PRINCIPAL
14389;522;PRINCIPAL
14390;642;PRINCIPAL
14391;524;PRINCIPAL
14392;583;PRINCIPAL
14393;176;PRINCIPAL
14394;280;PRINCIPAL
14395;522;PRINCIPAL
14396;356;PRINCIPAL
14397;270;PRINCIPAL
14398;524;PRINCIPAL
14399;251;PRINCIPAL
14400;181;PRINCIPAL
14401;268;PRINCIPAL
14402;229;PRINCIPAL
14403;522;PRINCIPAL
14404;109;PRINCIPAL
14405;523;PRINCIPAL
14406;522;PRINCIPAL
14407;682;PRINCIPAL
14408;206;PRINCIPAL
14409;524;PRINCIPAL
14410;524;PRINCIPAL
14411;265;PRINCIPAL
14412;270;PRINCIPAL
14413;155;PRINCIPAL
14414;692;PRINCIPAL
14415;522;PRINCIPAL
14416;516;PRINCIPAL
14417;522;PRINCIPAL
14418;362;PRINCIPAL
14419;270;PRINCIPAL
14420;522;PRINCIPAL
14421;176;PRINCIPAL
14422;196;PRINCIPAL
14423;218;PRINCIPAL
14424;522;PRINCIPAL
14425;524;PRINCIPAL
14426;262;PRINCIPAL
14427;169;PRINCIPAL
14428;187;PRINCIPAL
14429;171;PRINCIPAL
14430;181;PRINCIPAL
14431;274;PRINCIPAL
14432;583;PRINCIPAL
14433;522;PRINCIPAL
14434;522;PRINCIPAL
14435;583;PRINCIPAL
14436;125;PRINCIPAL
14437;232;PRINCIPAL
14438;122;PRINCIPAL
14439;121;PRINCIPAL
14440;174;PRINCIPAL
14441;201;PRINCIPAL
14442;524;PRINCIPAL
14443;522;PRINCIPAL
14444;657;PRINCIPAL
14445;251;PRINCIPAL
14446;522;PRINCIPAL
14447;522;PRINCIPAL
14448;181;PRINCIPAL
14449;216;PRINCIPAL
14450;270;PRINCIPAL
14451;522;PRINCIPAL
14452;522;PRINCIPAL
14453;522;PRINCIPAL
14454;102;PRINCIPAL
14455;522;PRINCIPAL
14456;209;PRINCIPAL
14457;522;PRINCIPAL
14458;524;PRINCIPAL
14459;15;PRINCIPAL
14460;145;PRINCIPAL
14461;567;PRINCIPAL
14462;270;PRINCIPAL
14463;443;PRINCIPAL
14464;123;PRINCIPAL
14465;185;PRINCIPAL
14466;580;PRINCIPAL
14467;270;PRINCIPAL
14468;22;PRINCIPAL
14469;264;PRINCIPAL
14470;583;PRINCIPAL
14471;524;PRINCIPAL
14472;218;PRINCIPAL
14473;524;PRINCIPAL
14474;522;PRINCIPAL
14475;522;PRINCIPAL
14476;218;PRINCIPAL
14477;218;PRINCIPAL
14478;202;PRINCIPAL
14479;467;PRINCIPAL
14480;524;PRINCIPAL
14481;657;PRINCIPAL
14482;264;PRINCIPAL
14483;412;PRINCIPAL
14484;391;PRINCIPAL
14485;522;PRINCIPAL
14486;216;PRINCIPAL
14487;225;PRINCIPAL
14488;602;PRINCIPAL
14489;265;PRINCIPAL
14490;291;PRINCIPAL
14491;443;PRINCIPAL
14492;443;PRINCIPAL
14493;375;PRINCIPAL
14494;588;PRINCIPAL
14495;349;PRINCIPAL
14496;181;PRINCIPAL
14497;524;PRINCIPAL
14498;522;PRINCIPAL
14499;522;PRINCIPAL
14500;294;PRINCIPAL
14501;97;PRINCIPAL
14502;270;PRINCIPAL
14503;522;PRINCIPAL
14504;583;PRINCIPAL
14505;522;PRINCIPAL
14506;129;PRINCIPAL
14507;169;PRINCIPAL
14508;247;PRINCIPAL
14509;522;PRINCIPAL
14510;55;PRINCIPAL
14511;524;PRINCIPAL
14512;15;PRINCIPAL
14513;22;PRINCIPAL
14514;232;PRINCIPAL
14515;187;PRINCIPAL
14516;522;PRINCIPAL
14517;382;PRINCIPAL
14518;218;PRINCIPAL
14519;187;PRINCIPAL
14520;239;PRINCIPAL
14521;522;PRINCIPAL
14522;270;PRINCIPAL
14523;384;PRINCIPAL
14524;627;PRINCIPAL
14525;209;PRINCIPAL
14526;251;PRINCIPAL
14527;251;PRINCIPAL
14528;522;PRINCIPAL
14529;657;PRINCIPAL
14530;692;PRINCIPAL
14531;267;PRINCIPAL
14532;527;PRINCIPAL
14533;104;PRINCIPAL
14534;524;PRINCIPAL
14535;731;PRINCIPAL
14536;524;PRINCIPAL
14537;387;PRINCIPAL
14538;384;PRINCIPAL
14539;381;PRINCIPAL
14540;28;PRINCIPAL
14541;522;PRINCIPAL
14542;524;PRINCIPAL
14543;522;PRINCIPAL
14544;169;PRINCIPAL
14545;522;PRINCIPAL
14546;251;PRINCIPAL
14547;142;PRINCIPAL
14548;390;PRINCIPAL
14549;522;PRINCIPAL
14550;349;PRINCIPAL
14551;270;PRINCIPAL
14552;522;PRINCIPAL
14553;262;PRINCIPAL
14554;257;PRINCIPAL
14555;12;PRINCIPAL
14556;523;PRINCIPAL
14557;218;PRINCIPAL
14558;187;PRINCIPAL
14559;187;PRINCIPAL
14560;294;PRINCIPAL
14561;524;PRINCIPAL
14562;121;PRINCIPAL
14563;113;PRINCIPAL
14564;567;PRINCIPAL
14565;218;PRINCIPAL
14566;187;PRINCIPAL
14567;264;PRINCIPAL
14568;223;PRINCIPAL
14569;692;PRINCIPAL
14570;93;PRINCIPAL
14571;434;PRINCIPAL
14572;270;PRINCIPAL
14573;264;PRINCIPAL
14574;522;PRINCIPAL
14575;262;PRINCIPAL
14576;522;PRINCIPAL
14577;229;PRINCIPAL
14578;181;PRINCIPAL
14579;580;PRINCIPAL
14580;393;PRINCIPAL
14581;398;PRINCIPAL
14582;522;PRINCIPAL
14583;294;PRINCIPAL
14584;232;PRINCIPAL
14585;522;PRINCIPAL
14586;522;PRINCIPAL
14587;251;PRINCIPAL
14588;689;PRINCIPAL
14589;97;PRINCIPAL
14590;254;PRINCIPAL
14591;113;PRINCIPAL
14592;175;PRINCIPAL
14593;169;PRINCIPAL
14594;34;PRINCIPAL
14595;113;PRINCIPAL
14596;12;PRINCIPAL
14597;113;PRINCIPAL
14598;657;PRINCIPAL
14599;102;PRINCIPAL
14600;524;PRINCIPAL
14601;522;PRINCIPAL
14602;522;PRINCIPAL
14603;113;PRINCIPAL
14604;264;PRINCIPAL
14605;8;PRINCIPAL
14606;22;PRINCIPAL
14607;262;PRINCIPAL
14608;277;PRINCIPAL
14609;522;PRINCIPAL
14610;524;PRINCIPAL
14611;387;PRINCIPAL
14612;258;PRINCIPAL
14613;602;PRINCIPAL
14614;522;PRINCIPAL
14615;522;PRINCIPAL
14616;522;PRINCIPAL
14617;519;PRINCIPAL
14618;205;PRINCIPAL
14619;522;PRINCIPAL
14620;524;PRINCIPAL
14621;187;PRINCIPAL
14622;524;PRINCIPAL
14623;264;PRINCIPAL
14624;264;PRINCIPAL
14625;585;PRINCIPAL
14626;522;PRINCIPAL
14627;258;PRINCIPAL
14628;522;PRINCIPAL
14629;513;PRINCIPAL
14630;400;PRINCIPAL
14631;229;PRINCIPAL
14632;583;PRINCIPAL
14633;398;PRINCIPAL
14634;158;PRINCIPAL
14635;592;PRINCIPAL
14636;166;PRINCIPAL
14637;522;PRINCIPAL
14638;166;PRINCIPAL
14639;524;PRINCIPAL
14640;95;PRINCIPAL
14641;176;PRINCIPAL
14642;522;PRINCIPAL
14643;393;PRINCIPAL
14644;516;PRINCIPAL
14645;522;PRINCIPAL
14646;223;PRINCIPAL
14647;187;PRINCIPAL
14648;522;PRINCIPAL
14649;185;PRINCIPAL
14650;308;PRINCIPAL
14651;232;PRINCIPAL
14652;150;PRINCIPAL
14653;522;PRINCIPAL
14654;522;PRINCIPAL
14655;522;PRINCIPAL
14656;588;PRINCIPAL
14657;524;PRINCIPAL
14658;522;PRINCIPAL
14659;524;PRINCIPAL
14660;522;PRINCIPAL
14661;524;PRINCIPAL
14662;522;PRINCIPAL
14663;522;PRINCIPAL
14664;583;PRINCIPAL
14665;524;PRINCIPAL
14666;217;PRINCIPAL
14667;522;PRINCIPAL
14668;522;PRINCIPAL
14669;7;PRINCIPAL
14670;382;PRINCIPAL
14671;107;PRINCIPAL
14672;264;PRINCIPAL
14673;415;PRINCIPAL
14674;393;PRINCIPAL
14675;524;PRINCIPAL
14676;392;PRINCIPAL
14677;181;PRINCIPAL
14678;524;PRINCIPAL
14679;522;PRINCIPAL
14680;524;PRINCIPAL
14681;522;PRINCIPAL
14682;223;PRINCIPAL
14683;522;PRINCIPAL
14684;297;PRINCIPAL
14685;239;PRINCIPAL
14686;223;PRINCIPAL
14687;216;PRINCIPAL
14688;522;PRINCIPAL
14689;524;PRINCIPAL
14690;410;PRINCIPAL
14691;321;PRINCIPAL
14692;153;PRINCIPAL
14693;522;PRINCIPAL
14694;737;PRINCIPAL
14695;201;PRINCIPAL
14696;443;PRINCIPAL
14697;588;PRINCIPAL
14698;99;PRINCIPAL
14699;232;PRINCIPAL
14700;187;PRINCIPAL
14701;524;PRINCIPAL
14702;524;PRINCIPAL
14703;426;PRINCIPAL
14704;522;PRINCIPAL
14705;737;PRINCIPAL
14706;270;PRINCIPAL
14707;187;PRINCIPAL
14708;13;
14708;15;
14708;16;
14708;92;
14711;86;
14711;369;
14716;390;
14716;730;PRINCIPAL
14717;737;PRINCIPAL
14718;737;PRINCIPAL
14719;151;
14719;420;
14719;730;PRINCIPAL
14720;498;
14720;730;PRINCIPAL
14721;737;PRINCIPAL
14722;267;
14722;346;
14722;397;
14722;737;PRINCIPAL
14723;119;
14723;130;
14723;269;
14723;387;
14723;425;
14723;431;
14723;730;PRINCIPAL
14724;730;PRINCIPAL
14725;369;
14725;737;PRINCIPAL
14726;426;
14726;737;PRINCIPAL
14727;737;PRINCIPAL
14728;137;
14728;737;PRINCIPAL
14729;119;
14729;737;PRINCIPAL
14730;94;
14730;730;PRINCIPAL
14731;87;
14731;110;
14731;730;PRINCIPAL
14732;23;
14732;730;PRINCIPAL
14733;217;
14733;397;
14733;416;
14734;112;
14734;730;PRINCIPAL
14735;171;
14735;187;
14735;737;PRINCIPAL
14736;259;
14737;564;
14737;730;PRINCIPAL
14738;189;
14739;114;
14739;737;PRINCIPAL
14740;137;
14741;57;
14741;67;
14741;73;
14741;81;
14741;191;
14741;198;
14742;173;
14742;603;
14742;730;PRINCIPAL
14743;67;
14743;199;
14743;207;
14743;265;
14743;266;
14743;396;
14743;737;PRINCIPAL
14744;67;
14744;199;
14744;207;
14744;265;
14744;311;
14744;396;
14744;730;PRINCIPAL
14745;29;
14745;731;PRINCIPAL
14746;109;
14746;603;
14746;730;PRINCIPAL
14747;141;
14747;387;
14747;425;
14747;431;
14748;304;
14748;737;PRINCIPAL
14749;405;
14750;14;
14750;737;PRINCIPAL
14751;217;
14751;261;
14751;265;
14751;730;PRINCIPAL
14752;271;
14752;370;
14752;730;PRINCIPAL
14753;40;
14753;143;
14753;153;
14753;292;
14754;223;
14754;260;
14754;390;
14754;412;
14754;737;PRINCIPAL
14754;739;
14755;174;
14755;737;PRINCIPAL
14756;262;
14756;737;PRINCIPAL
14757;533;
14757;737;PRINCIPAL
14758;174;
14758;737;PRINCIPAL
14759;435;
14759;737;PRINCIPAL
14760;94;
14761;19;
14761;179;
14761;426;
14761;730;PRINCIPAL
14762;201;
14762;205;
14763;219;
14764;4;
14764;92;
14765;685;
14765;737;PRINCIPAL
14766;232;
14766;306;
14766;686;
14766;693;
14766;737;PRINCIPAL
14767;222;
14767;224;
14767;390;
14767;412;
14767;497;
14767;511;
14767;520;
14767;525;
14768;6;
14768;7;
14768;103;
14769;91;
14770;217;
14770;229;
14770;261;
14770;265;
14771;37;
14771;730;PRINCIPAL
14772;271;
14773;401;
14773;737;PRINCIPAL
14774;379;
14774;730;PRINCIPAL
14775;252;
14775;318;
14777;225;
14777;730;PRINCIPAL
14778;412;
14778;497;
14778;520;
14778;737;PRINCIPAL
14779;130;
14779;387;
14779;425;
14779;431;
14779;737;PRINCIPAL
14780;86;
14781;737;PRINCIPAL
14781;746;
14782;525;
14782;737;PRINCIPAL
14783;581;
14783;588;
14783;730;PRINCIPAL
14784;264;
14784;730;PRINCIPAL
14785;685;
14785;730;PRINCIPAL
14786;19;
14787;231;
14787;305;
14787;689;
14788;130;
14788;387;
14788;425;
14788;431;
14789;363;
14790;23;
14790;737;PRINCIPAL
14791;434;
14791;730;PRINCIPAL
14792;19;
14792;179;
14792;426;
14793;19;
14794;181;
14794;426;
14794;730;PRINCIPAL
14795;66;
14796;215;
14798;420;
14798;492;
14798;730;PRINCIPAL
14799;685;
14799;737;PRINCIPAL
14800;141;
14800;730;PRINCIPAL
14801;77;
14801;166;
14801;167;
14801;179;
14801;737;PRINCIPAL
14802;167;
14802;737;PRINCIPAL
14803;585;
14804;77;
14804;173;
14805;259;
14805;737;PRINCIPAL
14806;345;
14806;444;
14806;463;
14806;466;
14807;49;
14807;91;
14807;737;PRINCIPAL
14808;730;PRINCIPAL
14809;730;PRINCIPAL
14810;16;
14810;737;PRINCIPAL
14811;37;
14811;173;
14811;737;PRINCIPAL
14812;737;PRINCIPAL
14813;730;PRINCIPAL
14833;63;PRINCIPAL
14848;523;PRINCIPAL
14849;523;PRINCIPAL
14850;523;PRINCIPAL
14851;523;PRINCIPAL
14857;210;PRINCIPAL
14858;580;PRINCIPAL
14859;218;PRINCIPAL
14860;218;PRINCIPAL
14861;123;PRINCIPAL
14862;256;PRINCIPAL
14863;217;PRINCIPAL
14864;198;PRINCIPAL
14865;217;PRINCIPAL
14866;294;PRINCIPAL
14867;216;PRINCIPAL
14868;218;PRINCIPAL
14869;181;PRINCIPAL
14870;494;PRINCIPAL
14871;181;PRINCIPAL
14872;442;PRINCIPAL
14873;218;PRINCIPAL
14874;270;PRINCIPAL
14875;396;PRINCIPAL
14876;93;PRINCIPAL
14877;270;PRINCIPAL
14878;93;PRINCIPAL
14879;264;PRINCIPAL
14880;145;PRINCIPAL
14881;308;PRINCIPAL
14882;181;PRINCIPAL
14883;239;PRINCIPAL
14884;268;PRINCIPAL
14885;218;PRINCIPAL
14886;427;PRINCIPAL
14887;131;PRINCIPAL
14888;187;PRINCIPAL
14889;218;PRINCIPAL
14890;125;PRINCIPAL
14891;692;PRINCIPAL
14892;169;PRINCIPAL
14893;158;PRINCIPAL
14894;4;PRINCIPAL
14895;175;PRINCIPAL
14896;126;PRINCIPAL
14897;239;PRINCIPAL
14898;675;PRINCIPAL
14899;522;PRINCIPAL
14900;176;PRINCIPAL
14901;173;PRINCIPAL
14902;385;PRINCIPAL
14903;308;PRINCIPAL
14904;524;PRINCIPAL
14905;29;PRINCIPAL
14906;268;PRINCIPAL
14907;223;PRINCIPAL
14908;99;PRINCIPAL
14909;181;PRINCIPAL
14910;583;PRINCIPAL
14911;181;PRINCIPAL
14912;181;PRINCIPAL
14913;522;PRINCIPAL
14914;737;PRINCIPAL
14915;583;PRINCIPAL
14916;394;PRINCIPAL
14917;153;PRINCIPAL
14918;215;PRINCIPAL
14919;400;PRINCIPAL
14920;692;PRINCIPAL
14921;223;PRINCIPAL
14922;273;PRINCIPAL
14923;218;PRINCIPAL
14924;400;PRINCIPAL
14925;400;PRINCIPAL
14926;657;PRINCIPAL
14927;48;PRINCIPAL
14928;270;PRINCIPAL
14929;264;PRINCIPAL
14930;109;PRINCIPAL
14931;688;PRINCIPAL
14932;266;PRINCIPAL
14933;107;PRINCIPAL
14934;218;PRINCIPAL
14935;692;PRINCIPAL
14936;354;PRINCIPAL
14937;221;PRINCIPAL
14938;218;PRINCIPAL
14939;522;PRINCIPAL
14940;256;PRINCIPAL
14941;251;PRINCIPAL
14942;277;PRINCIPAL
14943;397;PRINCIPAL
14944;583;PRINCIPAL
14945;692;PRINCIPAL
14946;627;PRINCIPAL
14947;522;PRINCIPAL
14948;187;PRINCIPAL
14949;155;PRINCIPAL
14950;524;PRINCIPAL
14951;267;PRINCIPAL
14952;251;PRINCIPAL
14953;467;PRINCIPAL
14954;383;PRINCIPAL
14955;633;PRINCIPAL
14956;712;PRINCIPAL
14957;209;PRINCIPAL
14958;107;PRINCIPAL
14959;229;PRINCIPAL
14960;229;PRINCIPAL
14961;628;PRINCIPAL
14962;715;PRINCIPAL
14963;203;PRINCIPAL
14964;524;PRINCIPAL
14965;692;PRINCIPAL
14966;113;PRINCIPAL
14967;176;PRINCIPAL
14968;522;PRINCIPAL
14969;657;PRINCIPAL
14970;257;PRINCIPAL
14971;633;PRINCIPAL
14972;113;PRINCIPAL
14973;383;PRINCIPAL
14974;209;PRINCIPAL
14975;256;PRINCIPAL
14976;218;PRINCIPAL
14977;187;PRINCIPAL
14978;267;PRINCIPAL
14979;142;PRINCIPAL
14980;181;PRINCIPAL
14981;264;PRINCIPAL
14982;522;PRINCIPAL
14983;270;PRINCIPAL
14984;4;PRINCIPAL
14985;633;PRINCIPAL
14986;216;PRINCIPAL
14987;249;PRINCIPAL
14988;270;PRINCIPAL
14989;522;PRINCIPAL
14990;209;PRINCIPAL
14991;4;PRINCIPAL
14992;657;PRINCIPAL
14993;4;PRINCIPAL
14994;524;PRINCIPAL
14995;522;PRINCIPAL
14996;657;PRINCIPAL
14997;522;PRINCIPAL
14998;270;PRINCIPAL
14999;97;PRINCIPAL
15000;394;PRINCIPAL
15001;215;PRINCIPAL
15002;428;PRINCIPAL
15003;362;PRINCIPAL
15004;176;PRINCIPAL
15005;277;PRINCIPAL
15006;270;PRINCIPAL
15007;391;PRINCIPAL
15008;223;PRINCIPAL
15009;187;PRINCIPAL
15010;583;PRINCIPAL
15011;277;PRINCIPAL
15012;107;PRINCIPAL
15013;262;PRINCIPAL
15014;218;PRINCIPAL
15015;737;PRINCIPAL
15016;522;PRINCIPAL
15017;109;PRINCIPAL
15018;264;PRINCIPAL
15019;97;PRINCIPAL
15020;522;PRINCIPAL
15021;125;PRINCIPAL
15022;588;PRINCIPAL
15023;266;PRINCIPAL
15024;522;PRINCIPAL
15025;187;PRINCIPAL
15026;692;PRINCIPAL
15027;251;PRINCIPAL
15028;500;PRINCIPAL
15029;522;PRINCIPAL
15030;522;PRINCIPAL
15031;580;PRINCIPAL
15032;522;PRINCIPAL
15033;524;PRINCIPAL
15034;268;PRINCIPAL
15035;740;PRINCIPAL
15036;522;PRINCIPAL
15037;229;PRINCIPAL
15038;397;PRINCIPAL
15039;270;PRINCIPAL
15040;583;PRINCIPAL
15041;737;PRINCIPAL
15042;737;PRINCIPAL
15043;522;PRINCIPAL
15044;575;PRINCIPAL
15045;522;PRINCIPAL
15046;692;PRINCIPAL
15047;251;PRINCIPAL
15048;524;PRINCIPAL
15049;615;PRINCIPAL
15050;655;PRINCIPAL
15051;657;PRINCIPAL
15052;524;PRINCIPAL
15053;247;PRINCIPAL
15054;522;PRINCIPAL
15055;109;PRINCIPAL
15056;187;PRINCIPAL
15057;522;PRINCIPAL
15058;522;PRINCIPAL
15059;229;PRINCIPAL
15060;588;PRINCIPAL
15061;524;PRINCIPAL
15062;522;PRINCIPAL
15063;342;PRINCIPAL
15064;383;PRINCIPAL
15065;181;PRINCIPAL
15066;218;PRINCIPAL
15067;266;PRINCIPAL
15068;342;PRINCIPAL
15069;583;PRINCIPAL
15070;99;PRINCIPAL
15071;522;PRINCIPAL
15072;467;PRINCIPAL
15073;522;PRINCIPAL
15074;368;PRINCIPAL
15075;522;PRINCIPAL
15076;239;PRINCIPAL
15077;12;PRINCIPAL
15078;268;PRINCIPAL
15079;522;PRINCIPAL
15080;524;PRINCIPAL
15081;171;PRINCIPAL
15082;593;PRINCIPAL
15083;500;PRINCIPAL
15084;270;PRINCIPAL
15085;400;PRINCIPAL
15086;215;PRINCIPAL
15087;102;PRINCIPAL
15088;522;PRINCIPAL
15089;522;PRINCIPAL
15090;354;PRINCIPAL
15091;232;PRINCIPAL
15092;269;PRINCIPAL
15093;522;PRINCIPAL
15094;523;PRINCIPAL
15095;187;PRINCIPAL
15096;593;PRINCIPAL
15097;522;PRINCIPAL
15098;218;PRINCIPAL
15099;588;PRINCIPAL
15100;349;PRINCIPAL
15101;312;PRINCIPAL
15102;266;PRINCIPAL
15103;522;PRINCIPAL
15104;218;PRINCIPAL
15105;393;PRINCIPAL
15106;522;PRINCIPAL
15107;522;PRINCIPAL
15108;522;PRINCIPAL
15109;522;PRINCIPAL
15110;522;PRINCIPAL
15111;522;PRINCIPAL
15112;277;PRINCIPAL
15113;524;PRINCIPAL
15114;522;PRINCIPAL
15115;239;PRINCIPAL
15116;308;PRINCIPAL
15117;524;PRINCIPAL
15118;524;PRINCIPAL
15119;593;PRINCIPAL
15120;522;PRINCIPAL
15121;522;PRINCIPAL
15122;583;PRINCIPAL
15123;588;PRINCIPAL
15124;176;PRINCIPAL
15125;522;PRINCIPAL
15126;181;PRINCIPAL
15127;308;PRINCIPAL
15128;580;PRINCIPAL
15129;524;PRINCIPAL
15130;393;PRINCIPAL
15131;392;PRINCIPAL
15132;522;PRINCIPAL
15133;522;PRINCIPAL
15134;201;PRINCIPAL
15135;277;PRINCIPAL
15136;522;PRINCIPAL
15137;519;PRINCIPAL
15138;173;PRINCIPAL
15139;187;PRINCIPAL
15140;682;PRINCIPAL
15141;524;PRINCIPAL
15142;522;PRINCIPAL
15143;229;PRINCIPAL
15144;522;PRINCIPAL
15145;524;PRINCIPAL
15146;316;PRINCIPAL
15147;522;PRINCIPAL
15148;522;PRINCIPAL
15149;159;PRINCIPAL
15150;232;PRINCIPAL
15151;583;PRINCIPAL
15152;210;PRINCIPAL
15153;145;PRINCIPAL
15154;522;PRINCIPAL
15155;580;PRINCIPAL
15156;583;PRINCIPAL
15157;522;PRINCIPAL
15158;528;PRINCIPAL
15159;169;PRINCIPAL
15160;270;PRINCIPAL
15161;519;PRINCIPAL
15162;710;PRINCIPAL
15163;522;PRINCIPAL
15164;524;PRINCIPAL
15165;28;PRINCIPAL
15166;602;PRINCIPAL
15167;523;PRINCIPAL
15168;522;PRINCIPAL
15169;522;PRINCIPAL
15170;588;PRINCIPAL
15171;524;PRINCIPAL
15172;422;PRINCIPAL
15173;524;PRINCIPAL
15174;522;PRINCIPAL
15175;270;PRINCIPAL
15176;181;PRINCIPAL
15177;522;PRINCIPAL
15178;583;PRINCIPAL
15179;232;PRINCIPAL
15180;522;PRINCIPAL
15181;588;PRINCIPAL
15182;588;PRINCIPAL
15183;285;PRINCIPAL
15184;270;PRINCIPAL
15185;522;PRINCIPAL
15186;209;PRINCIPAL
15187;89;PRINCIPAL
15188;262;PRINCIPAL
15189;113;PRINCIPAL
15190;318;PRINCIPAL
15191;383;PRINCIPAL
15192;692;PRINCIPAL
15193;234;PRINCIPAL
15194;583;PRINCIPAL
15195;753;PRINCIPAL
15196;692;PRINCIPAL
15197;15;PRINCIPAL
15198;657;PRINCIPAL
15199;522;PRINCIPAL
15200;262;PRINCIPAL
15201;362;PRINCIPAL
15202;583;PRINCIPAL
15203;583;PRINCIPAL
15204;522;PRINCIPAL
15205;400;PRINCIPAL
15206;264;PRINCIPAL
15207;583;PRINCIPAL
15208;251;PRINCIPAL
15209;543;PRINCIPAL
15210;731;PRINCIPAL
15211;522;PRINCIPAL
15212;524;PRINCIPAL
15213;583;PRINCIPAL
15214;633;PRINCIPAL
15215;524;PRINCIPAL
15216;522;PRINCIPAL
15217;522;PRINCIPAL
15218;737;PRINCIPAL
15219;4;PRINCIPAL
15220;543;PRINCIPAL
15221;383;PRINCIPAL
15222;737;PRINCIPAL
15223;153;PRINCIPAL
15224;218;PRINCIPAL
15225;737;PRINCIPAL
15226;330;PRINCIPAL
15227;176;PRINCIPAL
15228;352;PRINCIPAL
15229;593;PRINCIPAL
15230;107;PRINCIPAL
15231;131;PRINCIPAL
15232;583;PRINCIPAL
15233;435;PRINCIPAL
15246;730;PRINCIPAL
15247;239;PRINCIPAL
15248;113;PRINCIPAL
15249;154;PRINCIPAL
15250;268;PRINCIPAL
15251;364;PRINCIPAL
15252;381;PRINCIPAL
15253;555;PRINCIPAL
15254;555;PRINCIPAL
