producto_id;pais_edicion_id;editorial;isbn
210245;1;EDITORIAL BRUJAS;978-987-591-379-0
325050;39;SPRINGER;0-0000-0000-0
397613;82;ELGAR PUBLISHERS;0-0000-0000-0
456859;45;SPRINGER INTERNATIONAL PUBLISHING;978-3-030-52592-7
459688;2;ITINERARIOS, COLECCIÓN SCRIPTA AUTOCHTONA;978-9917-9862-1-8
462311;1;INSTITUTO DE TEORÍA CRÍTICA DE BERLÍN ?BERLINER INSTITUT FÜR KRITISCHE THEORIE (INKRIT) - EDICIONES HERRAMIENTA;978-987-4058-09-6
467472;35;SIRUELA;978-84-18245-46-6
468402;1;BIBLOS;950-895-146-X
474379;1;TIRAXI EDICIONES;0-0000-0000-0
474393;1;PAIDÓS;0-0000-0000-0
481544;1;LA MAR SERENA;987-543-074-9
485167;45;SPRINGER;978-3-030-56095-9
490929;1;INTA EDICIONES  COLECCIÓN HORTICULTURA ARGENTINA;978-987-8333-46-5
491661;1;EUDEBA;978-987-4110-23-7
492959;1;NJ EDITOR;0-0000-0000-0
492960;82;PALGRAVE;978-1-137-34879-1
496440;1;EUDEBA;9789502331423
496967;1;HYA EDICIONES;978-987-3638-45-9
497607;1;TESEO PRESS;978-987-86-7794-1
498871;436;EDITORIAL ACADÉMICA ESPAÑOLA;978-620-3-03340-3
499020;1;EDITORIAL DE LA UNIVERSIDAD DEL ACONCAGUA;978-987-1511-99-0
499021;1;TESEO;9789878682976
499460;5;EDICIONES UNIVERSIDAD DIEGO PORTALES;978-956-314-115-3
499512;1;GONZÁLEZ GÓMEZ, DANIEL ALBERTO;978-987-868-199-3
499589;5;EDICIONES UNIVERSIDAD DIEGO PORTALES;978-956-314-115-3
499663;5;EDICIONES UNIVERSIDAD DIEGO PORTALES;978-956-314-034-7
499844;5;EDITORIAL DE LA UNIVERSIDAD DE LA SERENA;978-956-6071-11-2
500129;1;EDITORIAL DUNKEN;978-987-763-633-8
500131;1;EDICIONES UNL;978-987-692-260-9
500156;1;DUNKEN;978-987-85-1115-3
500311;35;LIBROS DEL EDITOR URJC;978-84-368-3913-5
500629;1;CONTEXTO;978-987-730-489-3
500704;1;GRAMA;978-987-8372-46-4
500840;1;EDITORIAL DE LA UNIVERSIDAD NACIONAL DE ROSARIO;978-987-702-409-8
500846;1;BIBLOS;978-987-25834-5-3
501089;1;EUFYL (FACULTAD DE FILOSOFÍA Y LETRAS, UNIVERSIDAD DE BUENOS AIRES);0-0000-0000-0
501091;1;TESEO;978-950-9581-52-4
501202;45;FRONTIERS IN SUSTAINABLE FOOD SYSTEMS;978-1-910190-89-0
501203;31;SPRINGER;978-1-0716-1649-9
501979;1;PROMETEO LIBROS;978-987-8331-95-9
502161;1;EDIUNC. EDICIONES DE LA UNIVERSIDAD NACIONAL DE CUYO;9789503902370
502465;1;TESEO;0-8436-1072-7
502688;1;HYGEA EDICIONES;9789878674445
502694;1;EDUVIM;0-8436-1072-7
502696;1;HESPÉRIDES;9789871844968
503089;82;ROUTLEDGE;978-0-367-35763-4
503297;1;EUDEM;978-987-8410-21-0
503648;1;FACULTAD LATINOAMERICANA DE CIENCIAS SOCIALES - FLACSO;978-950-9379-75-6
503649;1;AKADIA;9789875704183
504040;10;GRUPO MAGRO EDITORIES;978-9974-8725-2-3
504042;1;IMPRENTAS GRAFICAS DE LEGISLATURA;9789878684772
504050;1;EDIFYL;978-950-774-395-5
504408;1;EDICIONES D&D;978-987-8353-26-5
504886;1;SIGLO XXI;978-987-801-065-6
504890;1;EDUNLPAM;978-950-863-407-8
505109;1;TESEO;9789877232738
505118;1;NOVA TESIS;978-987-635-119-5
505892;1;ADMINISTRACION NACIONAL DE LABORATORIOS E INSTITUTOS DE SALUD/INSTITUTO NACIONAL DE EPIDEMIOLOGÍA/ FOUNDATION GROWING UP;978-987-47568-3-1
505893;1;ADMINISTRACION NACIONAL DE LABORATORIOS E INSTITUTOS DE SALUD/INSTITUTO NACIONAL DE EPIDEMIOLOGÍA/ FOUNDATION GROWING UP;978-987-47568-7-9
505896;45;SPRINGER NATURE;978-3-030-61186-6
506382;21;ACADEMIC PRESS;9780128191941
506383;1;CINTIA BAYARDI MARTÍNEZ;978-987-86-8689-9
506385;1;SIGLO XXI;978-987-801-058-8
506398;1;SB EDITORIAL;978-987-8384-05-4
506893;4;COEDICIÓN ENTRE EDITORIAL DE LA UNIVERSIDAD DEL ROSARIO (BOGOTÁ) - EDUCC, EDITORIAL DE LA UNIVERSIDAD CATÓLICA DE CÓRDOBA;978-958-784-623-2
506900;3;BOSCH;9788412315462
506903;31;EDITORIAL ACADÉMICA ESPAÑOLA;978-620-3-03332-8
506904;1;EDUTECNE;978-987-4998 46 0
507421;1;EDICIONES IMAGO MUNDI;978-950-793-362-2
507422;1;EDITORIAL SALERNO;978-987-9083-62-8
507425;1;LA CEBRA;978-987-3621-85-7
507898;1;EL ATENEO;978-950-02-1153-6
508373;1;EDUNLPAM;978-950-863-338-5
508375;1;SPIAGGIA;978-987-47462-5-2
508379;21;PETER LANG;0-0000-0000-0
509094;1;HISTORIA URBANA;987439353X
509096;1;ANAQUEL EDITORA COMUNICACIONAL;9789872672003
509098;1;COLECCIÓN LENGUAS VIVAS DEL MUSEO DEL LIBRO Y DE LA LENGUA DE LA BIBLIOTECA NACIONAL;0-0000-0000-0
509118;82;SPRINGER;978-3-030-66142-7
509123;1;ASOCIACIÓN ARGENTINA DE LA CIENCIA DEL SUELO;978-987-46870-2-9
509134;1;FCH-UNICEN Y CLACSO;978-950-658-5105
509974;1;TESEO;9789877232912
509977;1;ARCHIVO DIGITAL: DESCARGA Y ONLINE;978-987-45664-8-5
509982;1;CONSEJO FEDERAL DE INVERSIONES,;978-987-510-273-6
509987;1;LA STAMPA;978-987-42-3632-6
510008;2;MUSEO NACIONL DE ARTE;978-99974-286-2-2
510912;1;IMAGO MUNDI;978-950-793-347-9
510933;9;BIBLIOTECA NACIONAL DE PERÚ. FONDO EDITORIAL;978-612-4045-15-8
510941;1;INDEPENDENDIENTE;9789875001527
511752;21;BENTHAM PUBLISHERS;978-1-68108-857-0
512511;1;SIGLO XXI;978-987-801-050-2
512513;1;FACULTAD DE FILOSOFÍA Y LETRAS;978-987-4019-41-7
512523;39;BRILL;978-90-04-26896-8
512526;82;ROWMAN & LITTLEFIELD PUBLISHERS / ROWMAN & LITTLEFIELD INTERNATIONAL;978-1-78661-350-9
512528;1;AKADIA;978-987-570-457-2
512530;1;CECONTA;0-2422-5924-3
512923;1;CAPITAL INTELECTUAL;978-987-614-623-4
512924;1;UNC;978-987-707-174-0
512925;1;TOPOS.EDITORIAL IPEHCS;978-987-604-566-7
512928;1;PG GRUPO IMPRESOR;978-987-25938-1-0
513190;3;LETRA E VOZ;9788593467189
513196;35;EDITORIAL ACADEMICA ESPAÑOLA;978-620-3-03388-5
514844;1;EDIUNJU;978-950-721-531-5
514859;7;CENTRO INTERAMERICANO DE ESTUDIOS DE SEGURIDAD SOCIAL;9786078088034
514867;1;OFELIA HERRENDORF;978-987-86-2515-7
514872;45;SPRINGER;9783030617127
514875;21;ROUTLEDGE;978-0-367-52941-3
514877;82;PALGRAVE MACMILLAN;978-0-230-52724-9
514879;1;EDIUNS;0000000000
514880;82;SPRINGER;978-0-387-79053-4
514899;31;LIT VERLAG;978-3-643-14250-4
514904;7;SERIE JUSTICIA ELECTORAL ABIERTA, EDITORIAL DEL TRIBUNAL ELECTORAL DEL PODER JUDICIAL DE LA FEDERACIÓN (TEPJF);978-607-708-441-9
515880;1;EDIAR;9789505744237
518681;21;CRC PRESS TAYLOR & FRANCIS GROUP, LLC;978-0-367-53140-9
518692;1;EDUCA;978-987-620-500-9
518698;1;TIRAXI/EDIUNJU;978-987-57496-5-8
518699;1;TIRAXI/EDIUNJU;978-987-57496-5-8
518703;35;SPRINGER;978-3-030-48441-5
518705;1;INSTITUTO MIGUEL LILLO;0-8436-1072-7
518708;1;FUNDACION MIGUEL LILLO - OPERA LILLOANA;950-668-010-8
518709;1;TIRAXI EDICIONES/EDIUNJU;978-987-57496-5-8
518710;1;TIRAXI EDICIONES/EDIUNJU;978-987-57496-5-8
518716;1;CONSEJO LATINOAMERICANO DE CIENCIAS SOCIALES, LIBRERÍA LATINOAMERICANA Y CARIBEÑA DE CIENCIAS SOCIALES. EDITORIAL: EDITORA NÓMADA;9789877227000
518720;1;PERSONAL OJ DOMINGUEZ;978-987-86-8411-6
518732;1;PROMETEO LIBROS;978-987-8331-98-0
518738;1;ANTROPOFAGIA;978-987-27470-1-5
518741;21;DEEP EDUCATION PRESS;978-1-939755-49-0
518744;1;MIÑO & DÁVILA;978-84-18929-12-0
518761;1;EDITORIAL UNIVERSITARIA;0-8436-1072-7
518773;1;PLUMA DIGITAL;978-987-3645-53-2
518774;1;PROGRAMA ARGENTINA FUTURA - JEFATURA DE GABINETE DE MINISTROS;978-987-4015-14-3
518776;7;SIGLO XXI EDITORES;978-607-03-0937-3
518783;1;IMAGO MUNDI/ IIGG;978-987-691-642-4
518787;35;SPRINGER;978-3-030-48441-5
518790;1;17 GRISES;978-84-18095-74-0
518792;1;EDICIONES JOURNAL;9789871981915
518797;1;TESEO;978-987-86-6185-8
518804;82;CAMBRIDGE UNIVERSITY PRESS;9781108823807
518823;21;WALTERS KLUWER HEALTH INC.;978-1975141462
518826;1;PROHISTORIA;978-987-4963-64-2
518845;45;SPRINGER NATURE;978-3-030-63860-3
520482;21;SPRINGER;978-1-873671-00-9
520483;1;ILIADA.COM.AR;978-987-86-9125-1
520484;1;ILIADA.COM.AR;978-987-86-9107-7
520486;1;PIDBA (INSTITUTO DE INVESTIGACIONES DE BIODIVERSIDAD ARGENTINA);978-987-86-8942-5
520487;1;ASOCIACIÓN ARGENTINA PARA EL PROGRESO DE LAS CIENCIAS;978-987-28123-8-6
520488;1;EDITORIAL SB;978-987-8384-12-2
520490;1;EDIUNJU;978-950-721-447-9
520496;1;EDITORIAL FAU UNNE;978-987-47567-3-2
520497;35;HERDER;9788425446986
520503;1;EUDEBA;978-8846407221
520505;1;CLACSO EDICIONES;9789877232486
522297;1;ECOVAL EDICIONES;978-987-4003-63-8
522307;1;EDICIONES DEL CONSEJO ARGENTINO DE OFTALMOLOGIA;978-987-1572-25-0
522312;1;CAFE DE LAS CIUDADES;978-987-3627-36-1
522313;1;EDITORIAL CIENTÍFICA UNIVERSITARIA. UNIVERSIDAD NACIONAL DE CATAMARCA;978-99923-880-6-8
522315;1;EDITORIAL DE LA UNIVERSIDAD NACIONAL DEL SUR (EDIUNS);978-987-655-261-5
522323;1;LABORDE;978-987-677-327-0
522325;1;HOMO SAPIENS;978-950-808-920-5
522334;82;INTECH OPEN;978-953-51-3440-4
522335;31;ACADEMICA ESPAÑOLA;978-620-3-03343-4
522340;5;EDICIONES UNIVERSIDAD ALBERTO HURTADO;0-8436-1072-7
522345;1;ABARCAR EDICIONES;978-987-3894-50-3
522348;1;CLACSO / IIGG, UBA;0-0000-0000-0
522369;1;SERVICOP;978-987-86-7909-9
522373;82;INTECH OPEN;978-1-78984-142-8
522379;82;BRITISH ARCHAEOLOGICAL REPORTS;978 1 4073 0465 6
522381;479;FRANCIS AND TAYLOR GROUP_CRC;978-0-367-42069-7
522384;12;EDITORIAL DE LA UNIVERSIDAD DE COSTA RICA SEDE PACÍFICO;0-8436-1072-7
522385;1;LAMPALAGUA;978-987-47454-3-9
522388;1;PROMETEO;978-987-8451-17-6
522389;1;MIÑO Y DÁVILA;9788418095740
522390;1;MIÑO Y DÁVILA;978-84-18095-74-0
522391;1;UNR;978-987-702-423-4
522404;1;TIRAXI EDICIONES;978-987-47753-5-1
523260;1;EDITORIAL UNLAM;978-987-4417-63-3
523261;1;ADVOCATUS;9789875514409
523356;5;RIL EDITORES;978-956-01-0877-7
523359;1;UNCPBA;978-65-86342-09-3
523360;3;UNICAMP-EN PRENSA;978-65-86342-09-3
523432;1;CONTEXTO LIBROS;9789877305913
523434;1;EUDEM;978-987-544-973-2
523436;1;CICCUS;978-987-693-776-4
523441;1;EDITORIAL DORREGO;978-987-47996-0-9
523521;1;LABORDE EDITORES;978-987-677-296-9
523577;35;EDITOR: LENCINA-QUÍLEZ;978-84-09-26564-0
523578;1;INTA;0-0000-0000-0
523632;1;EL ATENEO;9789500211628
523640;1;UNIÓN EDITORIAL;978-84-7209-733-9
523791;7;UNIVERSIDAD AUTÓNOMA DE CHIAPAS - UNIVERSIDAD NACIONAL DE ROSARIO - UNIVERSIDAD DE BRASILIA - UNIVERSIDAD SURCOLOMBIANA;978-987-702-427-2
523793;1;EDICIÓN DEL AUTOR;978-950-43-3744-7
523794;4;EDICIONES DESDE ABAJO;978-958-5555-42-6
523952;1;RIDUNAM;978-950-766-174-7
523953;1;EL ATENEO;9789500211475
523962;1;FUNDEPS;978-987-46152-3-7
523964;1;LIBRARIA;9789873754234
524075;1;SUDAMÉRICA;978-987-86-2166-1
524076;1;MELINA LONGONI;978-987-86-8070-5
524078;1;DISEÑO EDITORIAL;978-1-64360-396-4
524454;1;LETRA VIVA;9789506491031
524474;1;EDITORIAL DEL COLEGIO DE PSICÓLOGOS;987-21023-0-9
524477;1;VIRTUDES;9789871761623
524619;1;ARANDU Y HOMO SAPIENS EDICIONES;978-987-771-093-9
524624;1;EDICIONES UNIVERSIDAD DE CONGRESO;978-987-46441-9-0
524793;1;FONDO EDITORIAL DE LA SECRETARÍA DE CULTURA DE SALTA;978-987-8316-10-9
524794;1;CARTOGRAFÍAS;9789871685554
524943;1;EDICIONES CICCUS;0-8436-1072-7
524950;1;SEL, SUSANA - UBA - COOPERATIVA DE TRABAJO LA MINGA;978-987-86-7792-7
524952;1;EDUTECNE;978-987-499-861-3
525157;1;CENTRO DE ESTUDIOS AVANZADOS UNC;978-987-1751-91-4
525299;1;UNR;978-987-702-401-2
525300;7;UNICACH/GRAÑÉN PORRÚA.;978-607-8341-89-4
525301;1;DUNKEN;978-987-85-1241-9
525303;82;CAMBRIDGE SCHOLAR PUBLISHING;1-52756760-5
525304;1;PLANETA;978-950-12-9987-8
525305;1;THOMSON REUTERS- LA LEY;978-987-03-4108-6
525306;3;CVR;978-65-251-0513-0
525383;4;FUNDACIÓN UNIVERSITARIA DEL ÁREA ANDINA;978-958-5139-18-3
525508;1;UNIVERSIDAD CAECE;978-987-46267-7-6
525661;1;PAIDOS;9789501299809
525662;1;EDITORIAL DE LA UNIVERSIDAD NACIONAL DE LA PLATA (EDULP);978-987-8348-97-1
525784;1;"EDITORIAL DE LA UNC; INSTITUTO CONFUCIO";978-987-707-186-3
525947;1;ETIQUETA NEGRA;978-987-42-6678-1
525950;1;ASOCIACIÓN DE GEÓGRAFOS DE FORMOSA;978-987-86-9391-0
525951;1;GEOFOR ASOCIACIÓN DE GEÓGRAFOS DE FORMOSA - MINISTERIO DE CULTURA Y EDUCACIÓN DE LA PROVINCIA DE FORMOSA;978-987-86-9391-0
525952;1;GEOFOR ASOCIACIÓN DE GEÓGRAFOS DE FORMOSA - MINISTERIO DE CULTURA Y EDUCACION DE LA PROVINCIA DE FORMOSA;978-987-86-9391-0
525953;1;GEOFOR ASOCIACIÓN DE GEÓGRAFOS DE FORMOSA-MINISTERIO DE CULTURA Y EDUCACIÓN;978-987-86-9391-0
526154;1;EDICIONES CICCUS Y UNIVERSIDAD NACIONAL DEL COMAHUE;978-987-693-838-9
526248;1;TREN EN MOVIMIENTO;978-987-25550-9-2
526253;7;CROP SIGLO XXI;9786070310997
526254;1;CENTRO DE ESTUDIOS REGIONALES CHOS MALAL (CERCHM);987-05-1648-3
526509;520;EDUCA;978-987-620-039-4
526510;1;GORLA;978-987-1444-66-3
526522;1;BONUM;9789876671095
526778;1;FUNDACIÓN MIGUEL LILLO;978-950-668-039-8
526957;45;SPRINGER;978-3-030-64129-0
526959;1;EDITORIAL DE LA UNIVERSIDAD NACIONAL DE MISIONES;978-950-766-175-4
526961;1;1° EDICIÓN ADAPTADA;978-987-86-8150-4
526963;1;MASTACHE, ANAHÍ VIVIANA;978-987-86-9048-3
527109;1;EDICIÓN DE LOS AUTORES;978-987-86-7864-1
527110;1;EDITORIAL DE LA UNIVERSIDAD AUTÓNOMA DE ENTRE RÍOS;978-950-9581-68-5
527115;1;DUNKEN;978-987-85-0971-6
527258;21;AMAZON;978-987-86-9463-4
527353;1;ALBATROS;978-950-24-1706-6
527354;1;NUESTRAMÉRICA;978-987-1895-55-7
527418;1;NOVEDUC;978-987-538-822-2
527422;1;DUNKEN;9789878506937
527423;1;FUNDACIÓN OCTUBRE;0822953862
527521;1;EDUTECNE;978-987-4998-49-1
527524;37;UNESCO;978-92-807-3174-3
527525;1;UNICEN;978-950-658-528-0
527593;1;UNI RÍO EDITORA;978-987-688-434-1
527598;1;PROGRAMA DE LAS NACIONES UNIDAS PARA EL DESARROLLO, 2021;978-987-1560-86-8
527600;1;GRUPO EDITORIAL SUR;978-987-3895-62-3
527711;1;CONTEXTO;978-987-730-597-5
527713;1;FACULTAD DE ARQUITECTURA Y URBANISMO - UNT;978-987-754-261-5
527715;1;UNIVERSIDAD NACIONAL DE CÓRDOBA.  FACULTAD DE CIENCIAS EXACTAS, FÍSICAS Y NATURALES;978-950-33-1619-1
527716;1;SUYAY;978-987-48010-2-9
527717;1;SUYAY;978-987-48010-1-2
527719;1;UNIVERSIDAD NACIONAL DE CÓRDOBA;978-950-33-1619-1
527824;45;SPRINGER;978-3-030-65606-5
527825;1;UNIVERSIDAD NACIONAL DEL LITORAL;978-987-692-254-8
527826;1;THOMSON REUTERS;978-987-03-4082-9
527827;21;NOVA SCIENCE PUBLISHERS, INC.;978-1-53618-978-0
527941;1;EDUNPAZ;978-987-4110-55-8
527942;45;SPRINGER;978-3-030-51519-5
527946;1;PÁGINA WEB: HTTP://FPSICO.UNR.EDU.AR;0000000000
527947;1;FACULTAD DE PSICOLOGIA;0000000000
528157;389;GENERIS PUBLISHING;9798710609323
528320;1;UNIVERSIDAD NACIONAL DE SAN JUAN;0-8436-1072-7
528322;1;DEVENIR DOCENTE MINISTERIO DE EDUCACIÓN DE LA NACIÓN;9789500013789
528323;1;IMPRENTA UNIVERSIDAD NACIONAL DE TUCUMÁN;9789500013789
528325;1;EDITORIAL UAP;9789877650488
528516;1;LUGAR EDITORIAL;978-950-892-658-6
528517;1;ASTREA;978-987-706-367-7
528519;1;EDITORIAL UNIVERSITARIA DEL EJÉRCITO;978-987-3827-29-7
528648;1;NUEVA EDITORIAL UNIVERSITARIA;978-987-5457-68-3
529094;1;EDITORES DEL SUR;978-987-8418-18-6
529096;1;NUEVA EDITORIAL UNIVERSITARIA;978-987-733-266-7
529097;1;HAMMURABI;9789878405452
529218;1;UNIVERSIDAD NACIONAL DE VILLA MARÍA;978-987-4993-29-8
529300;1;UNIVERSIDAD DE BUENOS AIRES;978-950-29-1878-5
529451;1;ARGENTINIDAD;978-987-4191-83-0
529452;1;MARÍA MALENA LENTA Y PAULA TORTOSA;978-987-86-9935-6
529739;1;UNIVERSIDAD NACIONAL DE CÓRDOBA;9789877071917
529740;1;MANUEL JESUS MAMANÍ;978-987-86-9761-1
529822;1;EDITORIAL MOGLIA;987-43-5814-9
529903;1;AUTORES EDITORES;978-987-86-9798-7
529906;1;UNIVERSIDAD NACIONAL DE SANTIAGO DEL ESTERO;978-987-22475-7-7
529995;1;EDICIONES UNL Y EUDEBA;978-987-749-273-6
529996;5;ARIADNA EDICIONES;0-8436-1072-7
529999;1;EDUNLPAM;9789508634115
530070;1;PROMETEO;978-987-8331-86-7
530174;35;EDITORIAL ACADÉMICA ESPAÑOLA;9786200011343
530175;6;INSTITUTO DE INVESTIGACIÓN Y DESARROLLO TECNOLÓGICO EDUCATIVO INDTEC;9786200011343
530176;1;EDUTECNE;978-987-4998-13-2
530177;1;MINISTERIO DE DESARROLLO SOCIAL - PROVINCIA DE SANTA FE;9-9999-9999-9
530178;1;SERÁ PRESENTADO PARA SER CONSIDERADO Y PUBLICADO INICIALMENTE EN LA EDITORIAL DE LA UNR (PRIMERA EDICIÓN EN CASTELLANO);978-987-702-196-7
530290;1;ESTUDIOS SOCIOLÓGICOS EDITORA;978-987-3713-48-4
530418;436;EDITORIAL ACADÉMICA ESPAÑOLA;978-620-0-36554-5
530420;3;ACERVUS EDITORA;978-65-86000-61-0
530524;1;EDITORIAL DE LA UNIVERSIDAD NACIONAL DE SAN JUAN (UNSJ);978-987-8395-28-9
530662;1;"EDIT. AUTORES DE ARGENTINA; 2021";978-987-87-0977-2
530663;1;LA BALLESTA MAGNÍFICA;978-987-86-7804-7
530821;1;UNIVERSIDAD AUTÓNOMA DE ENTRE RÍOS;978-987-3915-02-4
530822;1;EDITORIAL UNIVERSIDAD ADVENTISTA DEL PLATA;0000000000
530996;35;EDITORIAL ACADÉMICA ESPAÑOLA;978-620-2-10144-8
530998;1;EUDEM;978-987-8410-24-1
531118;1;LABORATORIO DE INSUMOS DIDÁCTICOS PARA LA EDUCACIÓN MULTIMEDIAL, FADU, UNL;978-987-88-0104-9
531180;1;UNIVERSIDAD NACIONAL DE QUILMES. UNIDAD DE PUBLICACIONES DEL DEPARTAMENTO DE ECONOMÍA Y ADMINISTRACIÓN;9789875585829
531294;1;UNIVERSIDAD NACIONAL DE QUILMES. UNIDAD DE PUBLICACIONES DEL DEPARTAMENTO DE ECONOMÍA Y ADMINISTRACIÓN;9789875585829
531295;1;CLACSO;978-987-722-800-7
531310;1;EUDEM;978-987-8410-06-7
531474;1;EUDEM;978-987-8410-34-0
531484;35;DITORIAL ACADEMICA ESPANOLA (9 ABRIL 2020);978-6202112178
531609;1;OMEN;9789878801704
531614;9;ASOCIACIÓN LATINOAMERICANA DE SOCIOLOGÍA;978-612-48166-9-7
531722;1;RED EDITORIAL;978-987-48075-1-9
531723;1;PLANETA COLOR;978-987-47422-3-0
531835;1;AMALEVI;978-987-05-8392-9
531965;1;AMALEVI;950-554-398-0
531968;4;BABEL LIBROS;978-958-8954-56-1
532159;1;2 BAMBÚ;978-987-86-9533-4
532166;1;DYD;978-987-8353-35-7
532173;1;MINISTERIO DE EDUCACIÓN DE LA NACIÓN;978-950-00-1426-7
532370;1;NOVEDADES EDUCATIVAS;9789875387928 -
532371;1;EDIUNS;978-987-655-265-3
532373;1;LETRA VIVA;978-950-649-929-7
532374;1;UNIPE: EDITORIAL UNIVESITARIA;978-987-3805-61-5
532457;1;UNIVERSIDAD NACIONAL DE CHILECITO;978-84-15261-50-6
532458;1;AIQUE GRUPO EDITORES;978-987-06-0624-6
532459;1;EUDENE;9789506561857
532634;1;EDITORIAL DE LA UNIVERSIDAD NACIONAL DE ROSARIO;978-987-702-420-3
532636;1;EDICIONES UNGS;978-987-630-521-1
532640;1;DEPARTAMENTO DE ECONOMÍA Y ADMINISTRACIÓN;978-987-558-703-8
532739;1;UNIRÍO EDITORA;978-987-688-429-7
532743;1;AUTOWAHN EDITORA;9789872906610
532744;1;AUTOWAHN EDITORA;9789872906603
532745;1;GOBIERNO DE LA PROVINCIA DE ENTRE RÍOS Y CONSEJO FEDERAL DE INVERSIONES;987-510-057-9
532746;1;EDULP;9789878348179
532747;12;UNIVERSIDAD ESTATAL A DISTANCIA, COSTA RICA;0-8436-1072-7
532749;1;JURIS ONLINE;978-950-817-439-0
532879;9;UNIÓN DE RESPONSABILIDAD SOCIAL UNIVERSITARIA LATINOAMERICANA;978-612-48553-1-3
533065;1;AIQUE;9789870606246
533078;1;TESEO;978-987-723-293-6
533080;1;EDICIONES DON BOSCO ARGENTINA (EDBA);978-950-514-823-3
533233;1;TESEO;978-987-723-281-3
533235;1;PUBLICACIONES DE LA FACULTAD DE DERECHO Y CIENCIAS SOCIALES DE LA UNIVERSIDAD DE BUENOS AIRES. FACULTAD DE DERECHO Y CIENCIAS SOCIALES. DEPARTAMENTO DE PUBLICACIONES;978-987-3810-40-4
533236;1;PUBLICACIONES DE LA FACULTAD DE DERECHO Y CIENCIAS SOCIALES DE LA UNIVERSIDAD DE BUENOS AIRES.;978-987-3810-41-1
533237;1;EDITORIAL DE LA UNIVERSIDAD NACIONAL DE MAR DEL PLATA;9789878410197
533238;1;FACULTAD DE FILOSOFÍA Y LETRAS, UBA;978-987-8927-03-9
533370;1;FACULTAD DE FILOSOFÍA Y LETRAS, UNCUYO;978-950-774-348-1
533459;1;TESEO;978-987-86-9731-4
533461;1;VICENTE LÓPEZ: SYNGENTA;978-987-45623-2-6
533536;1;UNIVERSIDAD NACIONAL DE ENTRE RIOS;978-950-698-404-5
533537;1;ASENTAMIENTO FERNSEH;0-8436-1072-7
533592;1;EDITORIAL UNAJ;978-987-3679-52-0
533593;389;EDITORIAL ACADÉMICA ESPAÑOLA;978-620-3-58649-7
533595;3;INSTITUTO NOOS;85-8613-204-7
533800;1;EDULP;978-950-34-1780-5
533801;1;: PROYECTOS DE INVESTIGACIÓN Y DESARROLLO EN ÁREAS ESTRATÉGICAS CON IMPACTO SOCIAL - UBA,;978-950-29-1897-6
533802;1;INSTITUTO DE INVESTIGACIONES GINO GERMANI;978-950-29-1903-4
533809;1;INSTITUTO DE PUBLICACIONES NAVALES;978-950-899-146-1
533810;1;MIÑO Y DÁVILA;9788418095665
533811;1;PRIMERA CÁTEDRA DE ANATOMÍA;9789878668536
533816;1;EDIUNC;978-950-39-0381-0
533817;1;EDIUNC;978-950-39-0382-7
533818;1;EDIUNC;978-950-39-0383-4
533830;1;NOVA SCIENCE PULISHERS.;978-1-53618-978-0
533831;7;SIGLO XXI;978-987-630-319-4
533832;1;DEFENSORÍA DEL PUEBLO DE LA PROVINCIA DE SANTA FE;978-987-48099-0-2
534059;1;EDICIONES UNGS;978-987-630-531-0
534060;1;EDIUNC - EDICIONES BIBLIOTECA DIGITAL UNCUYO;111-111-111-1
534275;1;EDUCA;978-987-620-516-0
534276;1;EDUCO EDITORIAL UNIVERSITARIA;9509859907
534277;4;EDICIONES USTA;978-958-782-443-8
534279;1;TESEO;9789878800165
534281;21;BRILL;9781608469307
534290;1;UNL;978-987-749-235-4
534295;1;EL ZOCALO;978-987-8436-16-6
534296;5;OLEJNIK;978-956-392-996-6
534520;5;CHILE/ARGENTINA;978-987-1394-35-7
534521;1;UNIVERSIDAD NACIONAL DE QUILMES;987-558-003-1
534524;1;SUBSECRETARÍA DE CULTURA DE LA PROVINCIA DE SANTIAGO DEL ESTERO;978-987-3964-45-9
534528;1;ASOCIACIÓN ARGENTINA DE LINGÜÍSTICA COGNITIVA;978-987-692-034-6
534529;1;EDITORIAL DUNKEN;9789878501178
534530;1;EDITORIAL DE LAS MISIONES;9789874741202
534531;1;PANAMERICANA;978-950-06-9653-1
534643;82;CASABLANCA  ACADEMIC PRESS;978-0-12-814966-9
534788;1;INTA;978-987-8333-94-6
534790;1;POLIEDRO. EDITORIAL DE LA UNIVERSIDAD DE SAN ISIDRO;978-987-47817-3-4
534965;1;DURKEN;978-987-42-6678-1
535081;1;ASAECA;978-987-25871-9-2
535102;1;EDITORIAL CLARETIANA;978-987-762-096-2
535253;1;CB EDICIONES;978-987-48133-0-5
535497;35;EDITORIAL ACADÉMICA ESPAÑOLA;978-620-3-58563-6
535498;1;COFECYT;978-987-88-0057-8
535547;1;ESPÍRITU GUERRERO;978-987-4150-31-8
535646;1;LA HENDIJA;978-987-8472-16-4
535649;1;EDUCC - EDITORIAL DE LA UNIVERSIDAD CATÓLICA DE CÓRDOBA,;978-987-626-458-7
535659;1;EDIUNS;978-987-655-269-1
535804;1;UNIPE EDITORIAL UNIVERSITARIA;978-987-3805-59-2
535805;1;EDITORA PLATENSE;978-950-536-554-8
535806;1;EDICIONES DE LA UNLA;9789874937858
535811;1;UNR EDITORA;978-987-702-439-5
536067;1;FUNDACIÓN LA HENDIJA;978-987-4948-99-1
536068;1;FUNDACIÓN LA HENDIJA;978-987-4948-99-1
536078;1;INSTITUTO ACADÉMICO PEDAGÓGICO DE CIENCIAS SOCIALES DE LA UNVM;978-987-4993-45-8
536091;1;EDICIONES INCLUIR;978-987-48056-0-7
536328;1;ED. BIBLIOTECA POPULAR ASTRA;9789874532251
536335;1;BDEF;978-9915-650-20-3
536413;3;SELO NYOTA;978-987-591-548-0
536414;1;TESEO;9789878621647
536415;1;ASTREA;978-987-706-387-5
536418;7;FLORES EDITOR;978-607-610-010-3
536465;1;VINCIGUERRA;978-987-750-246-6
536467;1;EDICIONES UNGS;978-607-8657-09-4
536470;1;TESEO;978-987-86-9134-3
536474;1;EUDEM;9789878410340
536475;1;EDUTECNE;9789874998682
536476;1;EDUTECNE;9789874998699
536612;1;THOMPSON REUTER LA LEY;978-987-03-4172-7
536618;1;TESEO;9789877232653
536831;1;EDUNSE;978-987-4456-18-2
536832;1;EDITORIAL UNICEN;978-9874901293
536834;389;EDITORIAL ACADÉMICA ESPAÑOLA;9783659012570
536835;389;EDITORIAL ACADÉMICA ESPAÑOLA;978-620-2-25306-2
536959;1;LA HENDIJA;978-987-8472-05-8
536960;4;UNIVERSIDAD DE EXTERNADO;9789587903829
536961;1;MOGLIA;9789876193856
536962;1;EDULP;978-987-8475-02-8
537110;1;FACULTAD DE LENGUAS, UNC;978-987-47362-5-3
537112;1;ADVOCATUS;978-987-551-448-5
537221;1;LIBRO DIGITLA PDF;9789878807409
537325;1;PUBLIFADECS;978-987-4459-36-7
537328;1;MOGLIA EDICIONES;978-987-619-378-8
537329;1;MAVE EDITORA;978-987-3625-27-5
537331;1;PROHISTORIA;978-987-4963-49-9
537337;1;HOMO SAPIENS;978-987-771-109-7
537668;1;EUDENE;0-0000-0000-0
537672;1;LEVIATAN;978-987-8381-28-2
537673;1;LICOV  LABORATORIO DE INVESTIGACIÓN EN COMUNICACIÓN VISUAL;978-987-86-9943-1
537674;1;JAIBANÁ EDICIONES;978-987-866-933-5
537675;1;UNIVERSIDAD NACIONAL DE LA PLATA;978-950-34-1997-7
537676;1;UNIVERSIDAD NACIONAL DE LA PLATA;978-950-34-1961-8
537677;1;UBA SOCIALES - TESEO;9789878808857
537836;1;AUTORES DE ARGENTINA;9789878714813
537947;1;SINDICATO JERARQUICO DEL PERSONAL DEL PETRÓLEO Y GAS PRIVADO;9789875102217
537948;1;DEL AUTOR;987-05-0400-0
537949;1;CÍRCULO HERMENÉUTICO;978-987-28635-9-3
537950;1;CÍRCULO HERMENÉUTICO;978-987-28635-5-5
537951;7;TORRES & ASOCIADOS;978-607-7945-68-0
537952;1;UNIVERSIDAD DE FLORES;978-987-710-074-7
537953;41;MIMESIS EDIZIONI;9788857529691
537954;1;UNIVERSIDAD DE FLORES;978-987-710-106-5
537955;1;CÍRCULO HERMENÉUTICO;978-987-28635-2-4
537956;1;CÍRCULO HERMENÉUTICO;978-987-28635-0-0
537957;1;CÍRCULO HERMENÉUTICO;978-987-28635-3-1
538105;1;EDICIÓN DE AUTOR;978-987-05-3007-7
538165;1;CONTEXTO;978-987-730-621-7
538166;1;AKADIA;9789875704596
538167;5;ATELÍ;0-8436- 1172-3
538206;1;MANUSCRITOS;987-98674-5-9
538522;1;CONICET;9789506921750
538525;10;CICOP URUGUAY;978-9974-8627-1-5
538526;1;UNDAV EDICIONES;978-987-88-0182-7
538532;31;EDITORIAL ACADÉMICA ESPAÑOLA;978-3-659-04955-2
538533;1;GRAMA;9789874136442
538540;1;GRUPO EDITORIAL UNIVERSITARIO/AULA TALLER;978-987-8308-59-3
538557;31;BIELEFELD UNIVERSITY PRESS;978-3-8394-4890-8
538558;31;PETER LANG;978-3-631-82788-8
538566;1;TOLLO EDICIONES;9789874696700
538577;1;EDITORIAL DE LA UNIVERSIDAD NACIONAL DE CORDOBA;978-987-707-180-1
538846;1;FOJA CERO;978-987-4055-25-5
538850;1;EDICIONES LABRADO;9879709314
538851;1;UNICEN;978-950-658-527-3
538978;1;PRO-HISTORIA;978-987-4963-11-6
538980;1;MARGEN;978-987-47749-1-0
539068;21;ROHINI PRASAD, PHD MANOJ KUMAR JHARIYA, PHD ARNAB BANERJEE, PHD;9781774630679
539070;1;RED EDITORIAL;9789874296481
539071;1;UNIVERSITAS;9789874029034
539074;1;IMPRENTA MINIGRAF;978-987-4963-55-0
539075;1;IMPRENTA FACULTAD DE ARQUITECTURA Y URBANISMO UNT;9789877541236
539256;1;AUTORES DE ARGENTINA;978-987-87-1320-5
539257;1;PROMETEO;978-987-4117-15-1
539258;1;UNIVERSIDAD CATÓLICA DE CUYO;978-987-3971-60-0
539261;1;BIBLIOS;9789876919371
539451;1;DISEÑO;978-1-64360-512-8
539457;1;"MIÑO Y DÁVILA; UNSAM EDITA";978-84-15295-88-4
539461;1;INSTITUTO MULTIDISCIPLINARIO DE HISTORIA Y CIENCIAS HUMANAS;978-987-4934-16-1
539685;1;NOVEDADES EDUCATIVAS;978-987-538-789-8
539689;1;MINISTERIO DE CIUDADANÍA DE LA PROVINCIA DE NEUQUÉN;978-987-47498-2-6
539691;1;UMAZA;9789874687999
539704;1;FL COPIAS;978-987-8382-07-4
539705;1;LA CRUJÍA EDICIONES;978-987-601-121-1
539916;1;EDUCO;978-987-604-569-8
539931;1;UNIVERSIDAD NACIONAL DE RÍO NEGRO;978-987-4960-26-9
539934;1;EDICIONES DEL GATO GRIS;978-987-46647-8-5
540169;1;EDICIONES UNL;9789877492811
540170;35;EDITORIAL ACADÉMICA ESPAÑOLA;978-620-3-87532-4
540172;1;EDICEA;978-987-1751-99-0
540173;1;EDICIONES UCSE;978-950-31-0080-6
540188;1;THOMSON REUTERS-LA LEY;978-987-03-4151-2
540189;1;EL GRADUADO;0-0000-0000-0
540365;1;MIÑO Y DÁVILA EDITORES;8417133259
540366;1;EDICIONES MACEDONIO;978-987-33-9693-9
540368;1;NARVAJA EDITOR;987-530-049-7
540369;1;PROHISTORIA;978-987-4963-66-6
540371;1;UNIVERSIDAD NACIONAL DE LA MATANZA;978-987-4417-85-5
540372;35;PRENSAS DE UNIVERSIDAD DE ZARAGOZA EN COEDICIÓN CON SIGLO XXI ARGENTINA;978-84-1340-295-6
540531;1;DEL VALLE BAJO;978-987-45976-2-5
540535;35;LOS LIBROS DE LA CATARATA;978-84-1352-231-9
540538;1;EDUCO UNIVERSIDAD NACIONAL DEL COMAHUE NEUQUÉN 2020.;978-987-604-560-5
540539;1;EMILIO GASTÓN POLO FRIZ;978-987-86-8120-7
540546;3;PEDRO&JOAO;9786558693598
540707;1;UNIVERSIDAD NACIONAL DEL LITORAL;9789876922661
540711;1;"FUNDACIÓN ARGENTINA DE LOGOTERAPIA ""VIKTOR FRANKL""";978-987-88-1124-6
540712;1;EDICIONES SUAREZ;978-987-544-986-2
540862;1;LIBRERÍA DE LA PAZ;978-987-1224-93-7
540863;1;LIBRERÍA DE LA PAZ;978-987-1671-13-7
540864;1;HERRAMIENTA;978-987-1505-49-4
540865;1;RED;978-987-86-3879-9
540866;1;IPS;978-987-3958-68-7
540867;35;EDICIONES EL SALMÓN;978-84-121887-4-5
540868;1;EDUCO;978-987-604-571-1
540995;1;OPS;978-987-46148-5-8
540996;1;TESEO;9789877232967
540997;1;OPS;978-92-75-32286-4
540999;1;EDUCO;978-987-604-575-9
541262;1;PUBLIFADECS;978-987-4459-10-7
541263;1;UNIVERSIDAD NACIONAL DE MISIONES. FACULTAD DE HUMANIDADES Y CIENCIAS SOCIALES. DEPARTAMENTO DE BIBLIOTECOLOGÍA;9789507661747
541264;1;LETRA VIVA;978-950-649-172-7
541266;1;PROMETEO;9789878451312
541268;1;EL ATENEO;978-950-02-1179-6
541270;21;CREATIVE COMMONS;978-65-88556-03-0
541272;1;LA APARECIDA-CONSEJO DE INVESTIGACIONES DE LA UNIVERSIDAD NACIONAL DE SALTA;978-987-47453-4-7
541274;1;CONTEXTO;978-987-730-602-6
541282;1;PAIDOS;9789501299236
541283;1;1884;978-987-4112-33-0
541288;1;ECOVAL EDICIONES;978-987-4003-63-8
541637;1;LA CRUJÍA;978-987-601-269-0
541638;82;INTELLECT;978-1-78938-367-6
541639;1;EDIT. BRUJAS;978-950-33-1337-4
541641;35;EDITORIAL ACADÉMICA ESPAÑOLA;978-620-3-58882-8
541646;1;LIBRO DIGITAL;978-987-47175-0-4
541653;1;EDUCO;978-987-604-562-9
541654;1;CAPITAL INTELECTUAL;9871181973
541656;1;EDUCO-UNIVERSIDAD NACIONAL DEL COMAHUE;978-987-604-578-0
541808;1;EUDEM;978-987-1921-09-6
541811;82;CAMBRIDGE SCHOLARS;9781527563957
541813;1;NOVEDADES EDUCATIVAS;978-987-538-816-1
541814;1;BIBLOS;978-987-691-964-7
541815;1;HENDIJA;978-987-8472-21-8
541816;1;NUEVA EDITORIAL UNIVERSITARIA;978-987-733-272-8
541926;1;FACULTAD DE INFORMÁTICA, UNLP;978-950-34-2016-4
541927;21;SPRINGER;978-3-030-84825-5
541930;1;EDITORIAL BRUJAS;978-987-760-398-9
541931;1;EDITORIAL DE LA UNIVERSIDAD NACIONAL DE LUJÁN (EDUNLU);978-987-3941-56-6
541935;1;UNGS-UNLP-UNAM;978-987-630-548-8
542338;1;EDICIONES SUÁREZ;9789875449862
542341;1;UNIVERSIDAD NACIONAL DE LA MATANZA;978-987-4417-94-7
542342;1;CARTOGRAMA;978-987-86-6412-5
542347;1;NOVA TESIS;978-987-635-113-3
542349;1;EDULP;978-987-8475-06-6
542350;1;EDULP;0-0000-0000-0
542354;3;EDITORA IOLE;978-65-993757-8-1
542355;1;EDITORIAL BRUJAS;978-987-760-347-7
542358;1;EDUPA;978-987-8352-20-6
542361;1;EUDEN;978-987-544-990-9
542362;1;UNIVERSIDAD DE LA MATANZA;978-987-4417-93-0
542365;1;EUDEM;978-987-544-990-9
542378;1;DUNKEN;978-987-85-0246-5
542379;1;REDUNCI;978-987-4417-04-6
542380;1;GRAMA;9789878372587
542381;1;UNAJ;978-987-3679-54-4
542382;1;UNIVERSIDAD NACIONAL DE MAR DEL PLATA;978-987-544-964-0
542391;1;DANIEL FERNANDO ARANGO;978-987-86-9784-0
542773;1;FACULTAD DE HUMANIDADES UNMDP;0-8436-1072-7
542779;1;WOLKOWICZ EDICIONES;978-987-4117-65-6
542780;1;EDITORIAL DEL CÍRCULO DE LEGISLADORES-DUNKEN;978-987-9336-70-0
542785;1;EDITORIAL TESEO;978-987-86-8023-1
543151;1;EDUCO;978-987-604-570-4
543152;1;FACULTAD DE CIENCIAS VETERINARIAS;978-95-029-1866-2
543154;1;EDUCO;978-987-604-572-8
543155;1;EDUCO;978-987-604-302-1
543156;1;EDICIONES ÚLTIMO REINO;950-804-071-8
543157;1;SE;987-05-0078-1
543159;1;HYA EDICIONES. FACULTAD DE HUMANIDADES Y ARTES UNR;978-987-3638-48-0
543164;1;IEALC - UBA / JM EDICIONES;978-987-86-8327-0
543169;1;IMAGO MUNDI;978-950-793-369-1
543174;1;ESPACIO EDITORIAL;978-9-508024-52-7
543176;1;IMPRESIONES COMERIALES PATAGONIA;978-987-86-3969-7
543177;1;GLADIS JERKE, 2020;978-987-86-7961-7
543179;1;UNIVERSIDAD NACIONAL DE MAR DEL PLATA;978-987-544-956-5
543180;1;UNIVERSIDAD DE GENERAL SARMIENTO;978-987-630-540-2
543181;31;EDITORIAL ACADEMICA ESPAÑOLA;978-3-8417-6767-7
543182;1;GLOVA;978-987-86-6911-3
543183;1;BUBOK ARGENTINA;978-1-873671-00-9
543184;1;PUNTOAPARTE EDICIONES INDEPENDIENTES;978-987-86-8985-2
543609;1;ALCIÓN EDITORA;978-987-646-917-3
543612;1;UNAJ;978-987-3679-58-2
543613;1;UNIVERSIDAD NACIONAL DE MAR DEL PLATA;978-987-811-004-2
543614;1;EUDEM EDITORIAL DE LA UNMDP.;978-987-4440-93-8
543625;1;EDIUNJU;978-950-721-565-0
543626;1;EDICIONES DE LA UNLA;978-987-4937-95-7
543628;1;UNIVERSIDAD TECNOLOGICA NACIONAL. FACULTAD REGIONAL SAN RAFAEL;978-987-4998-74-3
543629;1;"MUNICIPALIDAD DE GENERAL PUEYRREDÓN. SECRETARÍA DE CULTURA. MUSEO MUNICIPAL   DE ARTE JUAN CARLOS CASTAGNINO ; UNIVERSIDAD NACIONAL DE MAR DEL PLATA. FACULTAD  DE HUMANIDADES";978-987-98194-56
543632;1;"MUNICIPALIDAD DE GENERAL PUEYRREDÓN. SECRETARÍA DE CULTURA. MUSEO MUNICIPAL DE ARTE JUAN CARLOS CASTAGNINO ; UNIVERSIDAD NACIONAL DE MAR DEL PLATA. FACULTAD   DE HUMANIDADES";978-987-98194-5-6
543633;1;EDUNAF;978-987-1604-65-4
543894;1;FACULTAD DE DERECHO Y CIENCIAS SOCIALES Y POLÍTICAS;978-987-8306-40-7
543895;1;FACULTAD DE DERECHO Y CIENCIAS SOCIALES Y POLÍTICAS;978-987-8306-53-7
543898;1;GRAMA EDICIONES;978-987-1982-44-8
543927;1;UNIVERSIDAD NACIONAL DEL LITORAL;978-987-749-283-5
543928;21;CLEO: QELS_FUNDAMENTAL SCIENCE, OSA TECHNICAL DIGEST (OPTICAL SOCIETY OF AMERICA, 2021);9781943580910
543929;1;FACULTAD DE CIENCIAS EXACTAS, QUÍMICAS Y NATURALES DE LA UNIVERSIDAD NACIONAL DE MISONES;978-950-766-179-2
543931;1;IIPSI CONICET;978-987-47803-0-0
543938;389;GENERIS PUBLISHING;978-1-63902-517-6
543939;1;EDIUNC;0-0000-0000-0
544287;1;OTRO CAUCE;9789874653680
544292;1;FONDO EDITORIAL MUNICIPAL;9789874665669
544293;1;EDIUNS;9789876552677
544294;1;EDUVIM;978-987-699-685-3
544296;1;EUDEM;978-987-4440-35-8
544297;1;EDICIONES MARGEN;978-987-47749-2-7
544298;1;EDITORIAL HBE;978-987-86-9542-6
544299;1;IMAGO MUNDI;978-950-793-312-7
544615;1;LA LEY-THOMSON REUTER;978-987-03-4250-2
544622;1;.;9781716418099
544624;1;PAIDÓS;9789501203455
544626;1;EUDENNE;0-8436-1072-7
544627;35;UNIVERSIDAD DE GRANADA;978-8-491256-40-3
544775;1;EDICIONES INTA;978-987-8333-96-0
544785;3;EDICIONES VERA CRUZ;978-987-549-756-6
544788;1;SECRETARÍA DE AMBIENTE Y DESARROLLO SUSTENTABLE;9789871873296
544875;1;TEMPORAL;978-987-88-1286-1
544876;1;TEMPORAL;978-987-88-1287-8
544877;1;TEMPORAL;978-987-88-1289-2
545097;1;PEQUÉN ACADÉMICO;978-987-47972-3-0
545098;1;TESEO;978-9877232-79-0
545099;1;PEQUÉN ACADÉMICO;978-987-47972-2-3
545104;1;EDUTECNE;978-987-4998-62-0
545105;4;SERIE ENSEÑANZAS. NUEVA ESCUELA LACANIANA (NEL) EN FORMACIÓN;999-0-900009-00-9
545332;1;UNIVERSIDAD NACIONAL DE QUILMES;978-987-558-711-3
545333;1;FFYH-UNC;978-950-33-1627-6
545334;1;EDITOR GENERAL DR. LUCAS MARCELO RODRIGUEZ;0-2718-7454-6
545337;1;BRUJAS;978-987-760-422-1
545338;1;EDUTECNE;9789874998774
545595;1;UNIVERSIDAD NACIONAL DE ROSARIO;978-987-702-495-1
545606;82;EDINBURGH UNIVERSITY PRESS;978-1-84457-341-7
545607;1;WALDHUTER;9789874916150
545608;1;UNIVERSIDAD NACIONAL DE MAR DEL PLATA;978-987-88-0768-3
545615;1;MUNICIPALIDAD DE VALLE HERMOSO;978-987-86-8088-0
545616;1;EDIUNS - EDIUNLPAM;978-987-655-264-6
545617;1;CLACSO;978-987-722-849-6
545619;1;EDICIONES INTA;978-987-8333-78-6
545620;1;ECOVAL EDITORES;978-987-4003-73-7
546044;1;EDITORIAL DE LA FACULTAD DE FILOSOFÍA Y LETRAS. UNIVERSIDAD DE BUENOS AIRES;978-987-8363-83-7
546046;7;UNIVERSIDAD VERACRUZANA;978-607-502-940-5
546047;1;FACULTAD DE FILOSOFÌA Y HUMANIDADES;978-950-33-1639-9
546048;1;FACULTAD DE FILOSOFÌA Y HUMANIDADES;978-950-33-1639-9
546051;1;UNIVERSIDAD NACIONAL DEL LITORAL EDICIONES;9789877492439
546054;1;UNIVERSIDAD NACIONAL DE MAR DEL PLATA;978-987-88-0289-3
546248;35;PROGRAMA IBEROAMERICANO DE CIENCIA Y TECNOLOGÍA PARA EL DESARROLLO (CYTED);978-84-09-22086-1
546250;1;TESEOPRESS;9789878807782
546251;1;TESEO;978-987-86-8148-1
546252;1;CLACSO;978-987-722-966-0
546253;1;CLACSO;978-987-722-967-7
546254;1;HAMMURABI;978-987-805-118-5
546319;1;UNIVERSIDAD NACIONAL DE QUILMES;978-987-558-710-6
546521;1;INTA;978-987-88-0151-3
546525;35;OGURITANU;950-895-146-X
546528;1;UNIVERSIDAD NACIONAL DE CÓRDOBA. FACULTAD DE ODONTOLOGÍA;978-950-33-1637-5
546783;1;EDITORIAL UCSF;9789508441942
546784;35;EDITORIAL ACADÉMICA ESPAÑOLA;9786203585254
546785;1;EDITORIAL UCSF;9789508442079
546790;1;UNLP;978-950-34-2025-6
546791;1;MINISTERIO DE EDUCACIÓN. COMISIÓN EX-BECARIOS FULLBRIGHT;978-987-88-0851-2
546792;1;EL FAIRE;978-987-4420-61-9
546800;1;INSTITUTO DE CIENCIAS HUMANAS, SOCIALES Y AMBIENTALES DE MENDOZA (INCIHUSA - CONICET);978-987-45591-5-9
546801;1;NUEVA EDITORIAL UNIVERSITARIA - UNSL;978-987-733-160-8
546802;1;EL ATENEO;9789500211864
546803;1;NJ EDITOR;978-987-47861-5-9
547126;1;CÍRCULO ROJO;978-987-46401-7-8
547127;1;SARMIENTO;978-987-86-5229-0
547130;37;L'HARMATTAN;978-2-343-23062-7
547132;1;SUR;978-950-580-014-8
547394;1;SB;978-987-8384-84-9
547395;1;UNIVERSIDAD NACIONAL ARTURO JAURETCHE;978-987-3679-56-8
547398;45;SPRINGER;9783030655198
547401;1;EDICIONES INTA;978-92-9248-545-0
547402;1;UNAJ;978-987-3679-60-5
547403;524;ATLANTIC INSTITUTE;978-987-88-1823-8
547405;1;DUNKEN;987-02-1375-8
547406;1;EDICIONES INTA;978-987-25872-0-8
547656;1;HOMO SAPIENS;978-987-771-038-0
547657;1;HOMO SAPIENS;978-950-808-537-5
547659;1;FONDO DE CULTURA ECONÓMICA;9789505576180
547661;1;HOMO SAPIENS;950-808-110-4
547665;1;LABORDE EDITOR;978-987-677-119-1
547666;1;HOMO SAPIENS;950-808-485-5
547667;1;HOMO SAPIENS;950-808-354-9
547668;1;GRUPO EDITORIAL SUR;978-987-3895-88-3
547669;3;EDITORA DA UFSC;978-85-328-0385-6
547672;5;CENTRO DE ESTUDIOS DE JUSTICIA DE LAS AMÉRICAS;978-956-8491-36-9
547673;1;EDITORES DEL SUR;978-987-8418-05-6
547674;1;EDITORES DEL SUR;978-987-8418-05-6
547675;1;UNIVERSIDAD NACIONAL DE MISIONES;978-950-766-181-5
547676;1;EDITORES DEL SUR;978-987-8418-29-2
547846;1;EDITORIAL UNICEN;978-987-4901-35-4
547918;1;BIBLOS;978-987-691-920-3
548185;1;GALERNA;978-950-556-819-2
548362;1;EDICIONES DE LA MESA;9789878629353
548363;1;RAIN FINE ART EDITION;978-987-48081-4-1
548364;1;TEMAS;9789878387338
548368;1;MUJERES X MUJERES;9789874728975
548370;1;MUJERES X MUJERES;978-987-47920-3-7
548371;21;SPRINGER;978-3-030-64175-7
548372;1;MIÑO Y DÁVILA;9788418095672
548373;35;EDITORIAL ACADÉMICA ESPAÑOLA;978-620-3-87858-5
548374;1;PUBLIFADECS;978-987-4459-37-4
548375;35;LENGUA DE TRAPO;978-84-8381-260-0
548376;1;EUDEBA;978-950-23-2105-9
548377;1;EME;978-987-47974-1-4
548378;1;EME;978-987-47974-1-4
548380;4;UNIMINUTO;978-958-763-458-7
548381;1;B DE F - EUROS EDITORES;978-9915-650-36-4
548382;1;B DE F - EUROS EDITORES;978-9915-650-36-4
548701;31;IBIDEM-VERLAG, EDITORA UFPB;978-3-8382-1481-8
548703;1;TIERRA DEL FUEGO;9789878624181
548704;45;FRONTIERS RESEARCH TOPICS;978-2-88971-035-5
548705;1;PROHISTORIA EDICIONES;978-987-4963-77-2
548706;1;PONTIFICIA UNIVERSIDAD CATÓLICA ARGENTINA;978-987-620-513-9
548707;4;BANCO DE DESARROLLO DE AMÉRICA LATINA;9789804222368
548709;1;FUNDACIÓN LA HENDIJA;978-987-4948-98-4
548710;1;EDUVIM;0000000000
548714;1;FL COPIAS;978-987-8382-08-1
548715;1;EDULP;978-950-34-2030-0
548718;1;NOVA TESIS;978-987-635-121-8
548720;1;UNIVERSIDAD NACIONAL DE TUCUMÁN - FACULTAD DE FILOSOFÍA Y LETRAS;978-987-754-264-6
548726;1;EDITORIAL UNR ROSARIO;978-950-673-656-9
548727;1;EDITORIAL UNRN;978-987-4960-57-3
548730;1;NOVEDUC;978-987-538-834-5
549053;1;MIÑO DÁVILA;978-84-18095-94-8
549058;1;HOMO SAPIENS EDICIONES;9789877711134
549060;1;BIBLOS;9789876919067
549061;1;EDUNLU;978-987-3941-51-1
549062;1;EDITORIAL DE LA FACULTAD DE FILOSOFÍA Y LETRAS;978-987-8363-63-9
549063;1;SIGLO XXI EDITORES;978-987-629-993-0
549064;35;EDITORIAL ACADÉMICA ESPAÑOLA;978-620-3-58777-7
549401;1;NOVEDUC;978-987-538-803-1
549403;1;EDITORIAL UNIVERSIDAD NACIONAL DE GENERAL SARMIENTO;9789876305129
549404;1;GORLA;978-987-1444-67-0
549405;1;UNLPAM;978-950-863-430-6
549406;1;OTRO CAUCE;978-987-48167-1-9
549409;1;FAHCE-UNLP;978-65-86362-04-6
549410;1;GRÁFICA LATINA;9789874633484
549412;1;UNIVERSIDAD NACIONAL DE MAR DEL PLATA;978-987-811-005-9
549414;1;TESEOPRESS;9789878696904
549643;3;ARTEMIS;978-65-87396-34-7
549645;1;CIENCIA, DERECHO Y SOCIEDAD, SERIE: TEXTOS DE ESTUDIO Y DOCUMENTOS INSTITUCIONALES, UNC;950-33-0217-X
549652;1;UNSJ;978-987-8395-13-5
549653;1;RSA- CONICET;978-987-25861-2-6
549782;1;FACULTAD DE CIENCIAS ECONOMICAS UBA;978-950-29-1902-7
549785;1;UNIVERSIDAD DE BUENOS AIRES;978-950-29-1908-9
549786;1;FACULTAD DE CIENCIAS ECONOMICAS UBA;978-950-29-1916-4
550088;41;LEXIA;9791259944191
550094;1;EDITORIAL AUTORES DE ARGENTINA;0-8436-1072-7
550099;1;EDUNLPAM;978-950-863-435-1
550105;1;IMAGO MUNDI;978-950-793-363-9
550106;21;ROWMAN & LITTLEFIELD;9781538147658
550107;3;MARXISMO21;978 65 00 02583 5
550109;1;GLOSA;978-987-86-9862-5
550111;1;TESEO;978-987-47585-3-8
550500;1;QUO VADIS;978-987-4996-32-9
550503;1;CUADERNOS DEL ISCO - EDITORIAL DE LA UNIVERSIDAD NACIONAL DE LANÚS;978-987-4937-79-7
550504;1;CUADERNOS DEL ISCO - EDITORIAL DE LA UNIVERSIDAD NACIONAL DE LANÚS;978-987-4937-80-3
550505;1;CUADERNOS DEL ISCO - EDITORIAL DE LA UNIVERSIDAD NACIONAL DE LANÚS;978-987-4937-81-0
550506;1;CUADERNOS DEL ISCO - EDITORIAL DE LA UNIVERSIDAD NACIONAL DE LANÚS;978-987-4937-83-4
550507;1;CUADERNOS DEL ISCO - EDITORIAL DE LA UNIVERSIDAD NACIONAL DE LANÚS;978-987-4937-86-5
550508;1;CUADERNOS DEL ISCO - EDITORIAL DE LA UNIVERSIDAD NACIONAL DE LANÚS;978-987-4937-87-2
550509;1;CUADERNOS DEL ISCO - EDITORIAL DE LA UNIVERSIDAD NACIONAL DE LANÚS;978-987-4937-94-0
550510;1;CUADERNOS DEL ISCO - EDITORIAL DE LA UNIVERSIDAD NACIONAL DE LANÚS;978-987-4937-96-4
550518;1;MILUNO;978-987-3782-09-1
550519;1;LUGAR;978-1-873671-00-9
550520;1;UNIVERSIDAD NACIONAL DE QUILMES DPTO DE ECONOMÍA;978-987-558-382-5
550522;35;TESEO PRESS;978-987-88-1041-6
550523;1;DIRECCIÓN DE EDUCACIÓN INTERCULTURAL BILINGÜE;9789874646378
550526;1;EDUNAM;978-950-766-182-2
550531;1;EDITORIAL CIENTÍFICA UNIVERSITARIA UNIVERSIDAD NACIONAL DE CATAMARCA;978-987-661-391-0
550533;1;TESEO PRESS;978-987-86-9142-8
550534;1;SIGLO XXI;950-895-146-X
550535;1;PALABRAVA;978-987-4156-39-6
550536;3;PONTIFICIA UNIVERSIDAD CATOLICA DE SAN PABLO;978-958-8045-83-2
550537;1;CLACSO;978-987-722-968-4
550538;1;FEDERACIÓN DE DOCENTES DE LAS UNIVERSIDADES;978-987-3640-33-9
550899;1;SINDELAR;978-987-88-1392-9
550902;1;INFINITO;978-987-3970-22-1
551194;1;PUBLIFADECS;978-987-4459-38-1
551201;1;LETRA VIVA;9789506499600
551203;1;ASOCIACIÓN ARGENTINA DE GEOLOGÍA APLICADA A LA INGENIERÍA (ASAGAI);978-987-21766-6-2
551223;1;PROGRAMA DE CONSERVACIÓN DE LOS MURCIÉLAGOS DE ARGENTINA (PCMA);978-987-88-2032-3
551424;1;UNIRÍO;978-987-688-4228
551425;1;VERA CARTONERA;0-8436-1072-7
551428;1;EDITORES DEL SUR;978-950-727-519-7
551429;1;EDITORES DEL SUR;978-987-30-1503-8
551430;1;RUBINZAL CULZONI;978-987-30-2315-6
551432;1;EDITORIAL DE LA UNIVERSIDAD NACIONAL DE QUILMES;978-987-558-705-2
551433;1;EDITORIAL DE LA UNIVERSIDAD NACIONAL DE QUILMES;978-987-558-705-2
551434;1;ACADEMIA PORTEÑA DEL LUNFARDO;978-987-23459-7-6
551436;1;MARCIAL PONS, FONCYT, UCA;978-987-1775-55-2
551585;2;ARCHIVO Y BIBLIOTECA NACIONALES DE BOLIVIA;978-99974-840-7-9
551590;1;UNIVERSIDAD NACIONAL DE RIO NEGRO;9789874960443
551592;1;HCH (EDICIÓN INDEPENDIENTE);978-987-86-7957-0
551654;1;EDITORIAL DE LA UNIVERSIDAD NACIONAL DE CÓRDOBA;978-987-707-170-2
551655;1;PLUMA LIBRE;978-987-46972-6-4
551656;1;BRUJAS;978-987-778-580-7
551657;1;BRUJAS;978-987-46972-5-7
551658;1;NUEVO SER;978-987-1226-41-2
551659;1;EDITORIAL DEL MINISTERIO DE SALUD PROVINCIA DE CÓRDOBA;978-950-840-015-4
551660;389;EDITORIAL ACADÉMICA ESPAÑOLA S R L-OMNISCRIPTUM S.R.L.;9786203038514
551830;1;UNIRIO;978-987-688-437-2
551832;1;UNR;978 987 702 497 5
551838;21;NATIONAL ENVIRONMENTAL TRUST;9780970693709
551839;1;HAMMURABI;978-987-805-076-8
551841;1;TESEO;9789878821276
551842;1;EDITORES DEL SUR;978-987-8418-10-0
551843;7;TIRANT LO BLANCH;9788418329104
551847;1;PUBLIFADECS;987-4559-38-1
551848;1;UNIVERSITAS;978-987-4029-61-4
551849;1;NOVEDADES EDUCATIVAS;978-987-538-836-9
551850;1;UNIDAD DE PUBLICACIONES - DEPARTAMENTO DE ECONOMÍA Y ADMINISTRACIÓN;978-987-558-725-0
551857;1;UNIVERSIDAD NACIONAL DE VILLA MARÍA Y UNIVERSIDAD CATÓLICA DE CÓRDOBA.;978-987-602-446-4
552123;1;BIBLOS;978-987-691-988-3
552127;1;EDITORIAL EDULP;978-950-34-2002-7
552129;1;UNIVERSIDAD NACIONAL DE CHILECITO (UNDEC);978-987-24611-3-3
552130;1;UNIVERSIDAD NACIONAL DE CHILECITO (UNDEC);978-987-24611-4-0
552153;1;NAUTICA EDICIONES;978-987-29651-7-4
552155;1;EDITORIAL DE LA UNIVERSIDAD NACIONAL DE LOS COMECHINGONES;978-950-9887-06-0
552450;1;LA CEBRA;978-1-873671-00-9
552454;1;ASOCIACIÓN DE DERECHO ADMINISTRATIVO DE LA CIUDAD AUTÓNOMA DE BUENOS AIRES;978-987-23761-7-8
552457;1;UNIVERSIDAD NACIONAL DE SAN JUAN;978-950-605-912-5
552458;6;EDILOJA;978-9942-39-360-9
552471;31;BRILL;978-3-506-79345-4
552829;1;LABORDE;978-987-677-353-9
552831;1;SIGLO VEINTIUNO EDITORES ARGENTINA;978-987-801-096-0
552834;1;EDICEA;0-0000-0000-0
552839;1;TESEO PRESS;978-987-86-9975-2
552840;1;EDITORIAL BIRNA;9789874590732
553328;1;EDICIONES FHYCS;978-950-766-182-2
553329;1;EDUNPAZ;978-987-4110-58-9
553330;1;TESEO;978-987-723-277-6
553331;1;LA MARCA EDITORA;9789508893598
553334;1;: COLEGIO DE  ASISTENTES SOCIALES O TRABAJADORES SOCIALES  DE LA PROVINCIA DE BUENOS AIRES;978-987-4093-11-0
553335;1;MINISTERIO DE CULTURA DE LA NACIÓN;978-987-4012-78-4
553581;1;EDITORIAL DE LA UNIVERSIDAD NACIONAL DE ROSARIO. UNR EDITORA.;978-987-702-443-2
553583;1;EDICIONES UNL;978-987-749-279-8
553873;1;ALCIÓN;978-987-646-888-6
553874;1;JEFATURA DE MINISTROS;9789871326747
553875;1;NACIONES UNIDAS, INSTITUTO DE POLÍTICAS PÚBLICAS LGBT+;978-987-48223-1-4
553876;1;EDICIONES DIPRO;9789871326587
553882;1;SIGNOS DEL SUR EDITORES;978-987-88-1541-1
553886;1;EDISIONES ELEMENTO;978 987 1631 87 2
553887;1;LOGOS KALÓS;9789874716965
553894;1;KATATAY EDICIONES;978-987-48074-0-3
553897;1;FUNDACIÓN DE HISTORIA NATURAL FÉLIX AZARA;978-987-3781-78-0
553903;1;CLACSO;978-987-722-836-6
554324;4;UNIVERSIDAD EXTERNADO DE COLOMBIA;978-958-790-601-1
554325;1;CLACSO. COLECCIÓN GRUPOS DE TRABAJO Y FACULTAD DE TRABAJO SOCIAL UNLP;978-987-722-880-9
554326;1;ASOCIACIÓN PALEONTOLÓGICA ARGENTINA;978-987-48261-0-7
554327;1;LABORDE;978-987-677-325-6
554328;1;UNIVERSIDAD PROVINCIAL DE CÓRDOBA;978-987-48125-1-3
554334;1;CAPITAL INTELECTUAL;978-987-614-638-8
554337;1;DE AUTOR;978-987-783-266-2
554338;1;CLACSO;9789878130187
554342;1;TESEO;978-987-723-287-5
554347;1;EDULP;978-950-34-2010-2
554352;1;EDULP (EDITORIAL DE LA UNIVERSIDAD NACIONAL DE LA PLATA);978-987-8348-87-2
554354;1;EDICIONES UNGS;978-987-630-557-0
554356;1;CINTIA BAYARDI MARTÍNEZ;978-987-88-0782-9
554357;7;UNIVERSIDAD AUTÓNOMA DEL ESTADO DE BAJA CALIFORNIA;978-607-607-680-4
554698;1;CELFI- SECRETARÍA DE CIENCIA Y TECNOLOGÍA, UNIVERSIDAD NACIONAL DE CÓRDOBA.;978-987-86-8002-6
554699;1;TESEOPRESS;978-987-86-4200-0
554701;1;EDICIONES DEL AULA TALLER;978-987-4180-71-1
554702;1;EDITORIAL UNIVERSITARIA UNIVERSIDAD NACIONAL DE MISIONES;9789505795314
554708;1;EDITORIAL DE LA UNIVERSIDAD NACIONAL DE LA PLATA (EDULP);978-987-8348-91-9
554709;1;"EDUCA / INSTITUTO DE INVESTIGACIÓN MUSICOLÓGICA ""CARLOS VEGA""";978-987-620-526-9
555029;1;TINTA LIBRE;978-987-708-754-3
555030;1;EDITORES DEL SUR;9789874755636
555034;1;FESTIVAL INTERNACIONAL DE BUENOS AIRES;0-8436-1072-7
555037;1;SIGLO XXI;9789878011011
555039;1;EDICON;978-987-660-327-0
555043;1;FACULTAD DE FILOSOFÍA Y LETRAS - UBA;978-987-8363-82-0
555387;1;CONTEXTO;978-987-730-590-6
555388;21;NOVA PUBLISHERS;978-1-68507-219-3
555389;1;EDITORIAL DE LA FACULTAD DE CIENCIAS ECONÓMICAS DE LA UNIVERSIDAD NACIONAL DE CÓRDOBA;978-987-47695-6-5
555390;1;EDITORIAL BRUJAS;978-987-760-371-2
555402;1;MIÑO Y DÁVILA;978-84-18095-03-0
555403;1;EDITORIAL LA HENDIJA;978-987-8472-03-4
555404;1;EDITORA CULTURAL TIERRA DEL FUEGO;978-987-3642-54-8
555408;1;CICCUS;9789876938303
555410;1;OBSERVATORIO DE ESTUDIOS SOBRE CONVIVENCIA Y SEGURIDAD CIUDADANA;978-987-86-9440-5
555414;1;PUNTO DE ENCUENTRO;978-987-4465-70-2
555416;1;UNIVERSIDAD NACIONAL DE CUYO;9789507743061
555418;1;UNA;9789874633538
555420;1;EDICIONES AL MARGEN- COLECCIÓN LA OTRA VENTANA - IDES CENTRO DE ANTROPOLOGÍA SOCIAL;978-987-618-168-6
555423;1;EDULP;978-987-8475-32-5
555633;1;MINISTERIO DE CULTURA DE LA NACIÓN;978-987-4012-93-7
555635;1;CUADERNOS DEL ISCO - EDITORIAL DE LA UNIVERSIDAD NACIONAL DE LANÚS;978-987-4937-98-8
555639;1;UNSAM EDITA;978-987-8326-69-6
555643;1;PUBLIFADECS;987-1154-78-X
555840;1;EDUNLPAM;978-950-863-428-3
555841;1;IMAGO MUNDI;978-950-793-365-3
555845;1;EDITORIAL UNIVERSITARIA;978-987-47838-9-9
556141;1;EDITORIAL AZUL;978-987-21849-7-1
556153;1;TALLERES GRÁFICOS LEO GRAFF;978-950-899-141-6
556154;1;LIBRETTO;978-987-47048-6-3
556155;1;HYA EDICIONES / CETYCLI;978-987-3638-51-0
556156;1;IADE;978-987-47691-2-1
556161;1;ERREPAR;978-987-01-2834-2
556162;1;ERREPAR;978-987-01-2838-0
556414;1;UNIVERSIDAD NACIONAL DE LA PLATA EDULP;978-987-8475-24-0
556416;4;UNIVERSIDAD DEL VALLE,;978-958-503-105-0
556417;1;LERNER;978-987-4041-95-1
556418;1;EDITORES DEL SUR;9789878418216
556419;1;COLEGIO DE PSICÓLOGOS PCIA. BS. AS. DIST XIII;978-987-88-1495-7
556420;9;ALAS-ASOCIACIÓN LATINOAMERICANA DE SOCIOLOGÍA PERÚ;978-612-5025-01-2
556421;9;ALAS-ASOCIACIÓN LATINOAMERICANA DE SOCIOLOGÍA PERÚ;978-612-48166-3-5
556422;1;CONEXIONES;978-987-45937-5-7
556685;1;ESPACIO EDITORIAL INSTITUCIONAL UCU;9789873928437
556687;1;COLECTIVO SYRY EDICIONES;978-987-88-1473-5
556693;1;HABLEMOS DE CHAGAS;978-987-47444-1-8
556695;1;CLACSO - FONCYT;978-987-722-887-8
556696;1;-;978-987-86-8226-6
556700;1;LUGAR;9789508920775
556703;1;KARGIERMAN;9789509493094
556704;1;LOS RÍOS;978-987-47733-3-3
556716;45;UICN;978-2-8317-2074-6
556718;1;ASOCIACIÓN DE ANTROPOLOGÍA BIOLÓGICA ARGENTINA;978-987-27445-4-0
557074;1;PUNTOS SUSPENSIVOS;9789878428123
557076;35;CIMNE;978-84-96736-88-7
557084;1;PIDO LA PALABRA;978-987-48231-0-6
557085;1;CEIL PUBLICACIONES;978-987-48047-4-7
557093;1;RIOCULTURA EDICIONES;978-987-47020-5-0
557094;1;ACEPTADO PARA PUBLICACIÓN POR LA EDITORIAL DE LA UNC.;978-987-1308-61-3
557332;1;EDITORES DEL SUR;9789878418216
557333;1;UCALP;978-987-3736-34-6
557337;1;PROMETEO;978-987-8331-89-8
557338;1;EUDELAR;9789871364305
557339;45;SPRINGER;978-3-030-89654-6
557341;1;EDICIONES Z;978-987-8436-50-0
557486;61;BLOSSOM PRESS;9786079294403
557487;1;EDITORIAL DE UFASTA;978-987-1312-98-6
557488;1;CENTRO ARGENTINO DE ARTE CERÁMICO;978-987-97202-1-9
557612;1;PROMETEO;9789878451275
557613;1;IMAGO MUNDI;978-950-793-380-6
557614;1;IMAGO MUNDI;978-950-793-371-4
557967;1;CLACSO;978-987-722-939-4
557970;1;EDUVIM EDITORIAL UNIVERSITARIA VILLA MARÍA;978-987-699-647-1
557971;1;FUTUROCK;978-987-47814-4-4
557972;1;JURIS;978-950-817-373-7
557973;1;AGAPE LIBROS;978-987-640-623-9
557974;1;AULA TALLER;978-987-4180-71-1
557976;1;DUNKEN;9789877633160
558396;1;UNIVERSIDAD NACIONAL DE GENERAL SARMIENTO;978-987-630-569-3
558397;1;UNIVERSIDAD NACIONAL DE GENERAL SARMIENTO;978-987-630-569-3
558398;31;SPRINGER;978-1-0716-2005-2
558402;1;UNAM. FHYCS. SIYP;978-950-766-185-3
558407;1;EUDEBA;978-950-23-1111-1
558408;1;SIGLO XXI EDITORES;978-950-23-1111-1
558895;1;EL BÚHO DESPLUMADO;978-987-88-1722-4
558896;1;CICCUS;978-987-693-841-9
558900;1;LAS COORDINADORAS. CECAI/FHYA/UNR;978-987-88-0326-5
558901;1;LAS REEDITORAS. CECAI/FHYA/UNR;978-987-86-8818-3
558903;1;EDICIONES Z;978-987-8436-30-2
558904;1;FACULTAD DE EDUCACIÓN. UCC;978-987-602-467-9
558911;35;CONSEJO SUPERIOR DE INVESTIGACIONES CIENTÍFICAS;978-84-00-08964-1
558913;1;AFHIC;978-65-86622-01-0
559211;1;CETHI-UNCUYO;978-987-1036-64-6
559212;1;CONICET;9789874934000
559214;1;PROHISTORIA;978-987-4963-89-5
559217;1;IVÁN ROSADO;978-987-3708-94-7
559219;1;MIÑO Y DÁVILA;978-31-1073962-6
559221;1;UNIDAD DE PUBLICACIONES DEYA UNQ;978-987-558-734-2
559223;1;ÀREA DE PUBLICACIONES DE LA FFYH (UNC);978-950-33-1614-6
559224;1;NUEVA HISPANIDAD;978-987-1036-62-2
559225;1;ESPACIO EDITORIAL;978-950-802-454-1
559442;1;UNSAM EDITA - MIÑO Y DÁVILA;978-84-18095-68-9
559443;5;UNIVERSIDAD DE LA SERENA;978-956-6071-25-9
559482;1;INSTITUTO DE ESTUDIOS COMPARADOS EN CIENCIAS PENALES Y SOCIALES;9789872881597
559484;1;NÉSTOR CAMINO;978-987-88-1996-9
559485;1;EDUNLPAM;978-950-863-434-4
559487;82;GOLDSMITHS;978-1-913380-28-1
559489;1;LIBRERÍA DE LA PAZ;978-987-8480-08-4
559490;1;EDUTECNE;978-987-4998-42-2
559670;1;EUDEM;978-987-8410-03-6
559672;1;EDITORIAL DE LA FACULTAD DE FILOSOFÍA Y LETRAS;0-8436-1072-7
559674;45;SPRINGER INTERNATIONAL PUBLISHING;9783030783785
559675;1;BIBLOS;978-987-814-002-5
559917;1;EDICIONES INTA;978-987-8333-86-1
559918;1;EDITORIAL CACTUS;9789873831621
559919;1;EDUVIM;9789876996716
559920;1;UNIVERSIDAD CATÓLICA DE CUYO;978-987-88-2505-2
559922;1;MUNICIPAL DE ROSARIO;978-987-8429-05-2
559923;1;UNIPE EDITORIAL UNIVERSITARIA;978-987-3805-57-8
559934;1;EUDEBA;978-950-23-2977-2
559935;1;MIÑO Y DÁVILA;978-84-18929-19-9
559936;1;TILDE EDITORA;978-987-48175-6-3
560382;1;EDULP;978-950-34-1996-0
560383;1;FACULTAD DE HUMANIDADES Y CIENCIAS DE LA EDUCACIÓN, UNLP Y CENTRO DE ARTE EXPERIMENTAL VIGO;978-950-34-2043-0
560384;7;EDITORIAL ALFIL;978-607-741-276-2
560385;1;EDITORIAL MAREA;978-987-8303-67-3
560387;1;UNIVERSIDAD NACIONAL DE QUILMES. DEPARTAMENTO DE ECONOMÍA Y ADMINISTRACIÓN UNIDAD DE PUBLICACIONES;978-987-558-735-9
560398;1;TESEO;9789877232660
560399;1;EDUNLU;978-987-3941-62-7
560400;1;SAN BENITO (SB);978-987-8384-93-1
560401;1;EDITORIAL SANTILLANA;9789875410855
560402;1;SUDAMERICANA;9789500726900
560403;1;AZ;9789505347056
560411;1;"1A ED.- CÓRDOBA : MINISTERIO DE CIENCIA Y TECNOLOGÍA DE LA PROVINCIA DE CÓRDOBA ; MINISTERIO DE LA MUJER ; MINISTERIO DE JUSTICIA Y DERECHOS HUMANOS ; UNIVERSIDAD NACIONAL DE CÓRDOBA ; UNIVERSIDAD PROVINCIAL DE CÓRDOBA ; CONICET CÓRDOBA, 2021. LIBRO DIG";978-987-47203-2-0
560414;1;EDULP;978-950-34-2008-9
560415;1;ASOCIACIÓN ARGENTINA DE HORTICULTURA;978-987-86-9251-7
560416;1;ASOCIACIÓN ARGENTINA DE HORTICULTURA;978-987-88-0494-1
560417;1;ASOCIACIÓN ARGENTINA DE HORTICULTURA;978-987-88-1965-5
560418;1;MINISTERIO DE EDUCACIÓN PROVINCIA DE RIO NEGRO;978-987-86-6457-6
560419;1;UNIVERSIDAD NACIONAL DE QUILMES;978-987-8821-37-5
560420;1;GRUPO EDITOR UNIVERSITARIO;9789878308630
560421;1;COLECCIÓN VINCULA CYT;978-987-4417-83-1
560422;1;CENTRO DE INVESTIGACIONES PRECOLOMBINAS;978-987-46025-4-1
560423;1;UNIPE;978-987-3805-67-7
560424;1;SIGLO XXI;9789878011004
560427;1;GRAFILAR;978-987-47573-4-0
560432;35;UNIVERSIDAD DE ALCALÁ;978-84-17729-81-3
560434;1;HOMO SAPIENS;9789877711097
560436;1;LETRA VIVA;9789506496517
560438;1;EDITORIAL D ELA UNIVERSIDAD NACIONAL DEL SUR;978-987-655-268-4
560451;3;INSTITUTO DE PESQUISA E PLANEJAMENTO URBANO E REGIONAL;978-987-47691-1-4
560457;1;EDUCO;978-987-604-582-7
560459;1;SADAF;978-987-47781-4-7
560463;1;LA CEBRA;9788843088454
560465;1;ANDAMIOS;978-950-34-2059-1
560476;1;LIBROS DEL INEDES;978-987-45558-1-6
560480;1;IIGG UBA/AGENCIA I+D+I;978-950-29-1911-9
560967;1;XX;978-987-86-8820-6
560971;1;UNIVERSITAS;978-987-4029-31-7
561271;1;EDULP;978-987-8475-17-2
561272;1;EDITORIAL TESEO;9789878813257
561275;1;AUTOPUBLICACIÓN;978-987-86-4273-4
561276;1;OMEP-CADE-CLADE-EDUCO;978-987-46284-0-4
561278;35;LA OVEJA ROJA Y KAMCHATKA. REVISTA DE ANÁLISIS CULTURAL;9788416227372
561279;1;UNIVERSIDAD NACIONAL DE GENERAL SARMIENTO;9789507930980
561283;1;UNIPE EDITORIAL UNIVERSITARIA;978-987-3805-69-1
561289;1;CLACSO - CIFFYH;978-987-813-007-1
561291;1;UNI RÍO;9789876884280
561292;1;EDUNLA;978-987-4937-92-6
561297;1;EDUNLA;978-987-4937-69-8
561536;1;EUDECOR;9789874186287
561538;1;EDITORIAL UNIVERSITARIA (UNAM);111-111-111-1
561539;1;EL COLECTIVO;978-987-3861550
561540;1;MADRESELVA;978-987-3861550
561542;35;ACRIBIA S.A.;978-84-200-1265-0
561543;1;REVISTA ANALES DE LINGÜÍSTICA CON REFERATO DE LA REVISTA;978-1-873671-00-9
561764;1;EDUNSE;9789874456236
561768;1;"INSTITUTO DE INVESTIGACIONES GINO GERMANI; CLACSO";978-950-29-1898-3
561773;1;EDUVIM;978-987-699-622-8
561774;1;BEATRIZ VITERBO EDITORA;978-950-845407-2
561780;1;FACULTAD DE HUMANIDADES;978-987-544-989-3
562007;1;INSTITUTO DE ARTES DEL ESPECTÁCULO, FFYL, UBA;978-987-8363-80-6
562011;8;EDITORIAL GOYA;978-99925-261-1-8
562016;1;AUTORES DE ARGENTINA;9789878712765
562017;1;EDICIONES DE LA UNLA;978-987-4937-995
562310;1;UNIRÍO EDITORA;978-987-688-424-2
562314;1;EDITORA CULTURAL DE TIERRA DEL FUEGO;9789873642623
562318;1;GRUPO EDITOR UNIVERSITARIO;9789878308654
562319;1;FACULTAD DE FILOSOFÍA Y LETRAS;9789878363981
562320;1;LECTIO;978-987-86-8956-2
562321;1;EDULP;978-987-8475-03-5
562325;1;INSTITUTO DE HISTORIA DEL ARTE - UNIVERSIDAD NACIONAL DE CUYO;978-987-575-221-4
562326;1;EDIUNJU;978-950-721-553-7
562590;1;UNR EDITORA;978-987-46406-9-7
562591;1;MIÑO Y DÁVILA;9788418095887
562593;1;UNIVERSIDAD NACIONAL DE LA MATANZA;978-987-4417-96-1
562594;1;UNIVERSIDAD NACIONAL DE LITORAL;978-987-749-314-6
562598;1;IMAGO MUNDI;978-950-793-388-2
562599;1;7 SELLOS EDITORIAL COOPERATIVA;9789874482709
562601;1;IDEAS GRÁFICAS;978-987-88-2279-2
562602;1;DUNKEN;978-987-85-1152-8
562869;1;SB;978-987-8384-92-4
562870;1;IUPFA;9789872079093
562876;1;UBA;978-987-88-0564-1
562878;1;LETRA VIVA;9789506499341
563147;1;PROMETEO;978-987-8451-26-8
563148;1;EDITORIAL UNQ, BERNAL;978-987-558-667-3
563151;1;FL COPIAS;978-987-8382-09-8
563323;1;UNIVERSIDAD NACIONAL DE MAR DEL PLATA;978-987-544-992-3
563328;1;FACSO-UNICEN;978-950-658-550-1
563423;1;TESEO PRESS;9789878608402
563427;1;EUDEM;978-987-811-002-8
563428;1;UNIVERSIDAD NACIONAL DE MAR DEL PLATA- CIMED;978-987-811-003-5
563608;1;UNM EDITORA;9789877820324
563609;1;FEDUN;978-987-3640-29-2
563615;1;CORINTIOS 13;978-950-33-1624-5
563617;1;MOGLIA EDICIONES;978-987-619-350-4
563620;1;NUEVA EDITORIAL UNIVERSITARIA;978-987-1595-08-2
563621;1;EDITORIAL DE LA FACULTAD DE FILOSOFÍA Y LETRAS;978-987-8363-87-5
563622;1;MIÑO & DÁVILA;978-84-18095-80-1
563898;1;EDUCO;978-987-604-590-2
563899;1;HYA EDICIONES;978-987-3638-52-7
563902;1;UNIVERSIDAD NACIONAL DE QUILMES;978-987-558-749-6
564067;1;EDITORIAL DE LA FACULTAD DE FILOSOFÍA Y HUMANIDADES;978-950-33-1651-1
564068;1;FACULTAD DE FILOSOFÍA Y LETRAS, UNIVERSIDAD NACIONAL DE CUYO;978-950-774-406-8
564069;1;UNIVERSIDAD NACIONAL DE GENERAL  SARMIENTO;0-0000-0000-0
564206;1;EDULP;978-950-34-2023-2
564207;1;FHUMYAREDICIONES;978-987-3638-44-2
564208;1;EUDENE;978-000000000-2
564209;1;ARCAS GRÁFICAS UNIÓN;978-987-46336-0-6
564210;1;ARCAS GRÁFICAS UNIÓN;978-987-46336-0-6
564211;1;EDIFYL Y EDICIONES CULTURALES DE MENDOZA;978-950-774-317-7
564213;1;TESEO;9789877232745
564214;1;AD HOC;978-987-745-193-1
564215;1;MOGLIA;978-987-86-8560-1
564390;1;UFASTA;978-987-1312-96-2
564391;1;NOVEDUC;9789875386471
564393;1;"EDICIONES INTA; ESTACIÓN EXPERIMENTAL AGROPECUARIA ALTO VALLE";9789878333977
564403;1;NUEVO ENFOQUE JURÍDICO;978-987-1879-12-0
564483;1;EDITORIAL DE LA UNIVERSIDAD JUAN AGUSTÍN MAZA;9789874815347
564484;1;EUDENE;978-950-656-193-2
564485;1;HYDRA;978-1-873671-00-9
564547;1;EDUNLPAM;978-950-863-433-7
564548;8;UNP;978-99925-10-21-6
564675;7;CIGA, UNAM;978-968-36-6571-3
564676;1;EDITORIAL UCALP;978-987-1085-94-1
564677;1;ECUUNCA;978-987-661-382-8
564684;1;FUNDACIÒN INTERCAMBIO ALEMÁN LATINOAMERICANO (ICALA);978-987-1318-46-9
564685;1;LETRA VIVA;9789506499556
564847;1;IMAGO MUNDI;9-789507-933882
564848;1;INTA;978-987-1623-61-7
564849;1;MEDITERRÁNEA;978-987-8356-12-9
564850;1;MEDITERRÁNEA;978-987-8356-13-6
564921;1;SYNGENTA;0-8436-1072-7
564922;1;FACULTAD DE FILOSOFÍA Y HUMANIDADES;9789503316528
564923;1;EPC EDICIONES PERIODISMO Y COMUNICACIÓN (UNLP);9789503420409
564928;1;UNIVERSIDAD NACIONAL DE QUILMES;978-987-558-753-3
564929;1;RED EDITORIAL;9789874807533
565113;1;UNIVERSIDAD NACIONAL DEL CENTRO DE LA PROVINCIA DE BUENOS AIRES;978-950-658-544-0
565114;1;EDITORIAL UNAJ;978-987-3679-58-2
565115;1;MINISTERIO DE JUSTICIA Y DERECHOS HUMANOS DE LA NACIÓN,;0-0000-0000-0
565117;1;UNIVERSIDAD NACIONAL DE LA PATAGONIA AUSTRAL;978-987-3714-88-7
565118;1;UNIVERSIDAD NACIONAL DE ROSARIO;978-987-702-526-2
565215;1;FACULTAD DE AGRONOMÍA UNLPAM;978-987-88-2141-2
565216;1;MINISTERIO DE LA PRODUCCIÓN;978-987-88-0422-4
565220;1;ENTREIDEAS;978-987-46503-5-1
565282;1;PUBLICACIÓN ELECTRÓNICA;978-987-88-2913-5
565310;1;UNDAV EDICIONES;978-987-3896-90-3
565396;1;ATHANASIUS EDITOR;978-987-86-1445-8
565397;1;ABRE;9789874727053
565403;1;ARANDÚ EDICIONES;978-987-46846-6-0
565404;1;EDITORIAL UNLAM;978-987-4417-91-6
565412;5;ARIADNA EDICIONES;978-956-6095-23-1
565413;35;PUBLICACIONS DE LA UNIVERSITAT JAUME I;978-84-18951-03-9
565538;1;EDICIONES DEL AUTOR;978-987-05-6169-9
565539;1;EDIUNS;978-987-655-289-9
565540;1;CEPRI-UNRC;00-1668-6047
565541;1;AIQUE GRUPO EDITOR;9789870609629
565552;1;EDITORIAL DE LA UNIVERSIDAD NACIONAL DEL SUR (EDIUNS);978-987-655-289-9
565652;1;PROSA AMERIAN EDITORES;978-987-729-639-6
565747;1;EDICIONES INTA;978-987-679-316-2
565749;1;RUBINZAL CULZONI;978-987-30-2695-9
565756;1;ÁREA DE PUBLICACIONES DE LA FACULTAD DE FILOSOFÍA Y HUMANIDADES - UNC;978-950-33-1650-4
565757;1;ZAVALLA: FUNDACIÓN CIENCIAS AGRARIAS;978-987-46406-5-9
565758;61;PRUNUS PRESS USA;978-1-61612-139-6
565842;3;EDITORA PUC-RIO;978-85-907171-2-6
565914;1;EDUNPAZ;9-789874-1105-96
565915;1;UNM EDITORA;978-987-782-042-3
566047;1;N.E.U. NUEVA EDITORIAL UNIVERSITARIA - UNSL;978-987-733-285-8
566053;10;ASOCIACION LATINOAMERICANA DE ANTROPOLOGÍA;978-9915-9333-5-1
566055;1;RUBINZAL CULZONI EDITORES;978-987-30-2243-2
566056;1;RUBINZAL CULZONI EDITORES;978-987-30-1323-2
566228;35;EDITORIAL ACADÉMICA ESPAÑOLA;978-620-0-00971-5
566229;1;EDUNLPAM;978-950-863-443-6
566231;1;EDITORES DEL SUR;978-987-8418-15-5
566232;1;GOURMET MUSICAL;978-987-382366-4
566234;21;ARGUS-A;978-1-944508-38-8
566236;1;UNIVERSIDAD NACIONAL DE MAR DEL PLATA;978-987-811-025-7
566395;1;EDITORIAL BIBLOS;978-987-42-3221-2
566396;1;ALDINA EDITORA DIGITAL;9789874700599
566397;1;ASTREA;9789877064049
566399;1;EDUPA;9-7898-7835-2237
566400;1;SIGLO XXI EDITORES;978-987-801-093-9
566401;1;EDUNPAZ, EDITORIAL UNIVERSITARIA;978-987-4110-75-6
566530;1;UNIVERSIDAD NACIONAL DE VILLA MARÍA. INSTITUTO ACADÉMICO PEDAGÓGICO DE CIENCIAS SOCIALES;978-987-4993-53-3
566531;1;UNIVERSIDAD NACIONAL DE VILLA MARÍA. INSTITUTO ACADÉMICO PEDAGÓGICO DE CIENCIAS SOCIALES;978-987-4993-54-0
566581;1;GOBIERNO DE LA CIUDAD AUTÓNOMA DE BUENOS AIRES;987-549-295-7
566675;1;EDITORIAL DE LA FACULTAD DE ARQUITECTURA Y URBANISMO DE LA UNIVERSIDAD NACIONAL DEL NORDESTE;978-987-47567-8-7
566676;1;EDITORIAL DE LA FACULTAD DE ARQUITECTURA Y URBANISMO DE LA UNIVERSIDAD NACIONAL DEL NORDESTE;978-987-47567-6-3
566829;1;CONSEJO NACIONAL DE INVESTIGACIONES CIENTÍFICAS Y TÉCNICAS (CONICET)1.;978-950-692-186-6
566830;1;TESEO;978-987-88-1824-5
566831;1;LUXEMBURG;978-987-1709-72-4
566838;1;CATERVA;978-987-47506-5-5
566854;1;UBU;978-987-47396-9-8
566861;1;UBU;978-987-8495-14-9
566865;1;PROHISTORIA;978-987-4963-63-5
567039;1;FACPCE;978-987-1927-15-9
567040;1;EDUNPAZ;978-987-4110-70-1
567041;1;LERNER;978-987-4041-96-8
567044;1;UBA/PIUBAMAS;978-950-29-1912-6
567107;1;CASCADA DE LETRAS;978-987-48359-1-8
567189;34;ORGANIZACION MUNDIAL DE LA SALUD;271-9-424775-89-7
567192;35;SPRINGER, CHAM;978-3-030-87686-9
567224;1;EDITORIAL UAI;978-987-25952-3-4
567249;1;MEMORIAS DEL SUR;978-987-86-4760-9
567250;1;MEMORIAS DEL SUR;978-987-88-0871-0
567316;1;LA DOCTA IGNORANCIA;978-987-8407-20-3
567363;1;SUYAY;978-987-48010-3-6
567505;1;EDICIONES INTA;978-987-679-309-4
567605;1;NUEVO ENFOQUE JURÍDICO;9789871879137
567607;41;LA CITÁ DEL SOLE;978-88-8292520-8
567609;5;EDITORIAL DE LA UNIVERSIDAD DE LA SERENA;978-956-6071-24-2
567700;1;FACULTAD DE INGENIERÍA;978-987-88-1872-6
567786;1;INTA;978-987-8333-81-6
567787;1;EDICIONES INTA;978-987-8333-82-3
567791;21;IEEE COMPUTER SOCIETY;978-1-6654-3567-3
567793;1;TESEO;978-987-723-313-1
567865;1;: UNIVERSIDAD NACIONAL DE QUILMES;978-987-558-769-4
567867;414;DEW/2336/NA;978-92-807-3838-4
567875;1;TREN EN MOVIMIENTO;9789873789779
567876;1;LABORDE EDITOR;978-987-677-359-1
567877;1;DUNKEN;978-987-85-1243-3
567953;1;ASTREA;978-987-706-387-5
567954;1;CONSEJO NACIONAL INVESTIGACIONES CIENTÍFICAS TÉCNICAS - CONICET;978-950-692-181-1
568031;1;TESEO PRESS;9789878809861
568033;82;INTECHOPEN;978-1-83962-776-7
568235;1;EDUCC;978-987-47318-8-3
568236;1;WWW.UNLP.EDU.AR;978-987-88-1965-5
568237;1;WWW.UNLP.EDU.AR;978-987-88-1965-5
568327;1;IMAGO MUNDI;978-950-793-388-2
568329;515;INTECH;978-1-83881-993-4
568473;21;CHAPMAN AND HALL/CRC;9780367894368
568586;21;ROUTLEDGE;978-0-203-34154-4
568589;1;EDICIONES FAHCE UNLP;978-950-34-2055-3
568590;1;SECRETARÍA DE INTERNACIONALIZACIÓN UNVM;978-987-4993-49-6
568591;1;UNIVERSIDAD NACIONAL DE VILLA MARÍA. SECRETARÍA DE INTERNACIONALIZACIÓN;978-987-4993-49-6
568764;1;RICARDO VERGARA;9789878406640
568836;45;MDPI AG;9783036515083
568842;1;MIÑO Y DÁVILA;9788418929007
568843;1;REVÉS DE LA TRAMA;978-987-46806-5-5
568848;1;OTRO CAUCE;9789874653697
568997;1;PROHISTORIA;978-987-809-003-0
568998;1;PROMETEO;978-987-8451-07-7
568999;1;PROHISTORIA;978-987-809-003-0
569005;1;"POLIEDRO; EDIUNC; CICCUS";978-987-693-876-1
569220;1;UNIVERSIDAD NACIONAL DE QUILMES;978-987-558-754-0
569221;7;NOMADA;978-607-99069-6-2
569222;1;EDULP (UNIVERSIDAD NACIONAL DE LA PLATA);978-950-34-2068-3
569454;1;LA DOCTA IGNORANCIA;978-987-8407-43-2
569455;1;UNIVERSIDAD NACIONAL DE MAR DEL PLATA;978-987-544-991-6
569467;1;UNIVERSIDAD NACIONAL DE MAR DEL PLATA;978-987-811-022-6
569504;1;EDITORIAL DE LA UNIVERSIDAD DEL ACONCAGUA;978-987-4971-38-8
569680;1;GERBERA EDICIONES;9789874071675
569681;1;GERBERA EDICIONES;9789874071323
569682;1;PERIPLO EDICIONES;9789874975379
569684;1;NEU;0-8436-1072-7
569692;82;ROUTLEDGE;9780367471743
569785;1;CONTEXTO;9789877306705
569881;1;JUSBAIRES;9789877681765
569885;1;INTA;978-987-8333-71-7
569886;1;EDUCO;978-987-604-568-1
569887;1;UNIVERSIDAD NACIONAL DE GENERAL SARMIENTO;978-987-630-041-4
570095;1;CLACSO;978-987-722-989-9
570096;1;CLACSO;978-987-813-088-0
570097;1;UNIVERSIDAD DEL LITORAL | FLACSO;978-987-749-282-8
570099;1;MINISTERIO DE EDUCACIÓN DE LA NACIÓN;978-950-00-1441-0
570100;1;DOCUMENTOS TÉCNICOS DEL PLAN ENIA N° 8;978-950-38-0289-2
570102;1;BIBLOS;978-987-814-012-4
570107;35;AMARCORD;978-84-16762-77-4
570108;1;EDITORES ARGENTINOS / IN QUARTO;978-987-47882-1-4
570109;5;DESCONTEXTO;6077455326
570407;1;EUDEBA;978-950-23-3225-3
570408;1;EDITORIAL UNIVERSIDAD NACIONAL DEL CENTRO;978-950-658-547-1
570409;1;EUDEBA;978-950-23-3225-3
570413;1;UNIVERSIDAD NACIONAL DE MAR DEL PLATA;978-987-544-980-0
570414;1;UNIVERSIDAD NACIONAL DE MAR DEL PLATA. FACULTAD DE HUMANIDADES;978-987-811-011-0
570415;7;BM EDITORES S.A. DE C.V.;978-607-99008-1-6
570418;1;PROHISTORIA;978-987-4963-62-8
570596;1;EL CUENCO DE PLATA;978-2-07-071820-7
570598;1;RAMA NEGRA;978-970-10-5753-7
570605;1;VIENTO SUR-EFU;978-950-605-905-7
570607;1;UNIVERSIDAD NACIONAL DE LOMAS DE ZAMORA - IIBICRIT (SECRIT) -CONICET;978-987-25253-7-8
570619;1;ASOCIACIÓN DE ANTROPOLOGÍA BIOLÓGICA ARGENTINA;978-987-27445-4-0
570919;1;EDITORIAL ACADÉMICA ESPAÑOLA;978-620-3-87097-8
571638;1;MITO EDITORIAL;9789878828145
571639;1;UNR EDITORA;978-987-88-1293-9
571675;1;CUARENTA RÍOS;978-987-4936-28-8
571676;45;PALGRAVE - MACMILLAN;978-3-030-67964-4
571685;1;AURELIA RIVERA LIBROS;9789871294862
571686;35;LITERATURA RANDOM HOUSE;978-987-769-143-6
571688;1;EDICIONES INTA;9789876793124
571690;1;DISEÑO EDITORIAL;978-1-64360-562-3
571698;1;EDUNLA;978-987-4937-93-3
571704;1;MINISTERIO DE EDUCACIÓN DE LA NACIÓN;0-8436-1072-7
571705;1;TESEOPRESS;978-987-88-3502-0
571709;389;LAP LAMBERT ACADEMIC PUBLISHING;978-620-4-18429-6
571711;1;MIÑO Y DÁVILA;978-84-18095-90-0
571714;1;UNSAM EDITA;978-987-8326-93-1
571717;1;EDITORIAL DE LA UNIVERSIDAD DE BUENOS AIRES;978-1-873671-00-9
572114;1;SECRETARIA DE POSGRADO;978-1-64360-542-5
572115;1;SECRETARIA DE POSGRADO;978-1-64360-543-2
572117;1;TESEO;978-987-723-306-3
572118;1;RAGIF EDICIONES;9789874814913
572119;1;INTA;0000000000
572122;1;EDUVIM;9789876996426
572123;1;FUNDACIÓN SANTILLANA;978-950-46-6592-2
572125;1;VERA CARTONERA;9789876922739
572127;1;TESEO;978-987-723-309-4
572129;1;RAGIF EDICIONES;978-987-48149-2-0
572470;1;GRUPO EDITOR UNIVERSITARIO;978-987-8308-70-8
572473;1;UNIVERSIDAD NACIONAL DE QUILMES;978-987-558-741-0
572475;1;EDUNTREF;978-950-23-2769-3
572480;1;EDUNTREF;978-950-23-2769-3
572824;1;CENTRO CULTURAL DE ESPAÑA;978-987-24303-37
572825;1;NEURAL;978-987-88-0264-0
572827;1;ARGENTINA.GOB.AR;978-987-46815-4-6
572828;1;UNIVERSIDAD NACIONAL DE LA MATANZA;978-987-8931-00-5
572984;1;VELA AL VIENTO EDICIONES PATAGÓNICAS;9789874476906
572986;1;UNR EDITORA;978-987-702-501-9
573107;1;TILDE EDITORA;0-0000-0000-0
573113;1;UNM EDITORA;978-987-782-053-9
573114;1;EDITORIAL HEMISFERIO SUR, S.A.;978-950-504-642-3
573340;31;KS OMNISCRIPTUM PUBLISHING;978-620-3-03766-1
573348;7;INSTITUTO DE INVESTIGACIONES DR. JOSÉ MARÍA LUIS MORA & UNIVERSIDAD AUTÓNOMA DE ZACATECAS,;978-607-8793-29-7
573349;1;MIÑO Y DÁVILA;9781873671009
573352;35;DADO EDICIONES;978-84-948922-2-6
573353;1;UNIVERSIDAD NACIONAL DE LA MATANZA;978-987-8931-06-7
573763;1;UNIPE: EDITORIAL UNIVERSITARIA;978-987-3805-71-4
573764;1;MINISTERIO DE EDUCACIÓN DE LA NACIÓN;978-950-00-1465-6
573768;1;GRUPO EDITOR UNIVERSITARIO;9789878308661
573770;1;INTA;978-987-8333-91-5
573771;1;UNGS;978-987-630-564-8
573773;1;EUDEBA;978-950-23-2434-0
573789;35;EDITORIAL ACADÉMICA ESPAÑOLA;978-620-3-88204-9
574100;1;NUEVA EDITORIAL UNIVERSITARIA;978-987-733-274-2
574104;1;"UNIVERSIDAD NACIONAL DE VILLA MARI&#769;A -MUNICIPALIDAD DE VILLA MARIA";978-987-4993-46-5
574109;1;ASOCIACIÓN DE ANTROPOLOGÍA BIOLÓGICA ARGENTINA;9789872744540
574110;1;EDICIONES INTA;978-987-8333-95-3
574544;1;UNIVERSIDAD NACIONAL DE MAR DEL PLATA;978-987-544-977-0
574545;1;UNIVERSIDAD NACIONAL DE MAR DEL PLATA Y ACADEMIA NACIONAL DE LA HISTORIA;978-987-544-976-3
574546;1;UNIVERSIDAD NACIONAL DE MAR DEL PLATA;978-987-544-994-7
574547;1;UNIVERSIDAD NACIONAL DE MAR DEL PLATA;978-987-811-013-4
574548;1;UNIVERSIDAD NACIONAL DE MAR DEL PLATA;978-987-544-996-1
574549;1;UNIVERSIDAD NACIONAL DE MAR DEL PLATA;978-987-544-995-4
574550;1;UNIVERSIDAD NACIONAL DE MAR DEL PLATA;978-987-544-997-8
574573;1;AZ EDITORES;978-987-35-0569-0
574574;3;EDITORA ARTEMIS;978-65-87396-50-7
574575;14;UNIVERSIDAD TECNOLÓGICA DE PANAMÁ;978-9962-13-943-0
574992;1;UNMDP;978-987-544-982-4
574993;1;SANCHEZ AVENDAÑO, ROBERTO ANDRÉS;978-987-86-9027-8
574995;45;SPRINGER-NATURE SWITZERLAND AG;978-3-030-61720-2
574996;1;TESEOPRESS;9789878803920
575399;1;BIBLOS;978-987-691-909-8
575406;1;FACULTAD DE FILOSOFÍA Y HUMANIDADES;978-950-33-1655-9
575407;1;UNIRIO EDITORA;978-987-688-425-9
575408;1;UNIRIO;978-987-688-437-2
575706;1;UNIVERSIDAD DE GENERAL SARMIENTO;9789876305808
575715;1;SANTIAGO ARCOS;9789873960291
575716;1;WINOGRAD;0-8436-1072-7
575718;1;ITA (FIQ-UNL);978-987-88-1963-1
575723;1;RGC LIBROS;978-987-4012-98-2
575980;1;LA BICICLETA;978-987-46844-7-9
575984;1;LA DOCTA IGNORANCIA;9789878407272
576396;1;CLACSO;978-987-813-076-7
576397;1;EDICIONES UNGS, FAHCE/UNLP, UNAM;0-0000-0000-0
576399;1;TESEO;978-987-723-308-7
576400;1;ED. UNLPAM;978-987-88-2795-7
576403;1;NAZHIRA;978-987-1706-98-3
576404;1;NAZHIRA;978-987-1706-97-6
576407;1;DEL AUTOR;978-987-88-1636-4
576409;389;EDITORIAL ACADÉMICA ESPAÑOLA;978-620-3-58882-8
576410;389;EDITORIAL ACADÉMICA ESPAÑOLA;978-620-3-88514-9
576411;1;KATATAY;978-987-46975-8-5
576412;35;ESPIGAS;978-84-124544-0-6
576414;1;MACEDONIA EDICIONES;978-987-4147-73-8
576417;1;CONTEXTO;978-987-730-617-0
576418;1;MACEDONIA EDICIONES;978-987-4147-77-6
576419;1;EDITORIAL UNIVERSIDAD NACIONAL DE VILLA MARÍA (EDUVIM) - EDITORIAL UNIVERSIDAD NACIONAL DE FORMOSA (EDUNAF);978-987-699-623-5
621029;41;FAO-OMS;978-92-5-134518-4
621039;1;IMHICIHU-CONICET;978-987-4934-18-5
621044;1;MIÑO Y DÁVILA;978-84-18095-82-5
621048;31;RUHR-UNIVERSITÄT BOCHUM;00-2363-6696
621050;1;HOMO SAPIENS;9789877710946
621053;1;DANIEL J P MARTINEZ LLANEZA;978-987-88-2734-6
621063;1;CLACSO;978-987-813-003-3
621064;1;INA/UNER;9789874738721
621065;1;UNIRÍO EDITORA;978-987-688-462-4
621069;1;EDUNPAZ;978-987-4110-57-2
621088;1;MINISTERIO DE EDUCACION DE LA NACION;978-950-00-1408-3
621089;1;LUGAR;978-950-892-716-3
621092;1;IVAN ROSADO;978-987-3708-99-2
621093;1;MINISTERIO DE CULTURA DE LA NACION;978-987-8915-32-6
621095;5;EDICIONES UNIVERSIDAD ALBERTO HURTADO;978-956-357-323-7
621097;1;EUDEM;0-0000-0000-0
621098;1;CICCUS;9789876938525
621100;1;UNR EDITORA;978-987-702-529-3
621106;1;FACULTAD DE FILOSOFÍA Y LETRAS, UBA;978-987-8363-85-1
621115;1;UNIVERSIDAD DE BUENOS AIRES. PROYECTOS DE FORTALECMIENTO Y DIVULGACIÓN DE LOS PROGRAMAS INTERDISCIPLINARIOS: PIUBAMAS_2020;978-950-29-1928-7
621116;1;CENTRO DE INVESTIGACIONES DE LA FACULTAD DE FILOSOFÍA Y HUMANIDADES, UNIVERSIDAD NACIONAL DE CÓRDOBA;978-950-33-1645-0
621117;45;MDPI;978-3-0365-0149-9
621120;1;EUDEBA;978-950-23-3174-4
621121;1;CEDINCI EDITORES / TREN EN MOVIMIENTO;978-987-22672-5-4
621122;1;NUEVA EDITORIAL UNIVERSITARIA;978-987-733-281-0
621123;1;EL COLECTIVO;978-987-1497-99-7
621124;1;EL COLECTIVO;978-987-8484-07-5
621125;1;EL COLECTIVO;978-987-8484-05-1
621132;1;PROMETEO;9789878451626
621133;1;SECRETARÍA DE PROYECCIÓN INSTITUCIONAL UBA;978-987-88-1090-4
621134;1;SECRETARÍA DE PROYECCIÓN INSTITUCIONAL UBA;978-987-88-1827-6
621135;1;ADVOCATUS;978-987-3991-06-6
621141;1;UNIVERSIDAD NACIONAL DEL CENTRO DE LA PROVINCIA  DE BUENOS AIRES;978-950-658-531-0
621142;7;DIRECCIÓN GENERAL DE MATERIALES EDUCATIVOS;978-607-551-645-5
621143;7;AXOLOTL LIBROS;978-607-9485-13-9
621144;1;UNIVERSIDAD NACIONAL DE QUILMES;978-987-558-704-5
621146;1;LUGAR EDITORIAL;978-950-892-733-0
621147;1;LA HENDIJA;978-987-8472-22-5
621158;1;FUNDACIÓN ESPIGAS /CIAP;978-987-1398-50-8
621160;10;HOSPITAL DE CLÍNICAS DE LA UNIVERSIDAD DE LA REPÚBLICA;9789915406466
621161;7;INSTITUTO DE INVESTIGACIONES HISTÓRICAS;9786073046787
621162;7;FACULTAD DE ARTES Y DISEÑO, FAD-UNAM;9786073042215
621172;1;ALCIÓN EDITORA;978-987-646-963-0
621177;1;LAMPALAGUA EDICIONES;978-987-47454-8-4
621183;1;FUNDACIÓN ESPIGAS;9789871398461
621184;1;ORIENTACIÓN GRÁFICA;9789871922437
621188;7;UNIVERSIDAD DE GUADALAJARA;978-607-571-455-4
621190;82;CAMBRIDGE UNIVERSITY PRESS;9781108490801
621191;35;ALBEDO;978-84-15771-88-3
621192;35;ALBEDO;978-84-15771-89-0
621194;1;LIBRETTO;978-987-48286-2-0
621198;1;PROMETEO;978-987-8331-97-3
621201;1;UNIVERSIDAD DE LANÚS;978-987-4937-77-3
621202;1;FACPCE;978-987-1927-19-7
621204;1;EDITORIAL DE LA UNIVERSIDAD DE LA PLATA;000-000-000-0
621215;9;BRENDA-ANTONELLA;0- 8435-1075-7
621217;1;--;978-987-88-2436-9
621218;21;MORGAN & CLAYPOOL;9781681739946
621230;3;BERTHIER;978-65-86647-25-9
621231;389;EDITORIAL ACADÉMICA ESPAÑOLA;978-620-3-87405-1
621238;1;CONSEJO LATINOAMERICANO DE CIENCIAS SOCIALES;978-987-813-030-9
621243;1;CLACSO;978-987-722-990-5
621252;1;INTA;0-8436-1072-7
621262;1;"CENTRO DE INVESTIGACIÓN EN PERIODISMO Y COMUNICACIÓN ""HÉCTOR TOTO SCHMUCLER""";978-950-33-1630-6
621265;1;HOMO SAPIENS;978-987-771-114-1
621268;1;UNIVERSIDAD NACIONAL DE GENERAL SARMIENTO;978-987-630-581-5
621269;1;INDIE LIBROS / PLATAFORMA LEAMOS / INFOBAE;978-987-799-263-2
621275;1;CEOAT-UNVM;9789874993489
621276;1;LAMAGA;978-987-88-2305-8
621278;1;FONDO DE CULTURA ECONÓMICA;978-987-719-290-2
621280;1;ELESTUDIO (GABRIELLI | MUÑIZ);978-987-45864-9-0
621290;1;ACTIVIDAD DE USO;978-987-86-9662-1
621291;1;EDULP;978-987-8475-10-3
621294;1;LABORDE EDITOR;978-987-677-326-3
621295;1;ASOCIACIÓN CIVIL HABLEMOS DE CHAGAS;978-987-47444-2-5
621299;1;EDITORIAL DE LA FACULTAD DE FILOSOFIA Y LETRAS. UNIVERSIDAD DE BUENOS AIRES.;978-987-8363-98-1
621301;1;TESEOPRESS;978-987-86-7943-3
621303;1;UNR EDITORA;978-987-702-519-4
621307;82;INTECH PUBLISHER;978-1-83968-942-0
621309;1;DUNKEN;978-987-85-1828-2
621310;39;ELSEVIER;9780128212677
621317;1;HOMO SAPIENS;978-987-771-122-6
621319;35;CENTRO DE ESTUDIOS POLÍTICOS Y CONSTITUCIONALES;978-84-259-1910-7
621320;7;TIRANT LO BLANCH;978-84-1378-787-9
621323;1;ALVERONI;978-987-643-196-5
621336;1;FNA;9789876410359
621338;1;VINCIGUERRA;9789877503555
621340;1;EDITORIAL DUNKEN;978-987-85-1245-7
621341;4;EDITORIAL DE LA UNIVERSIDAD DEL CAUCA;978-958-732-327-6
621343;1;TAURUS;9789877370652
621352;1;EXTRAMUROS;978-987-22408-7-5
621356;1;PROMETEO EDITORIAL;978-987-8331-88-1
621358;3;WORLD WILDLIFE FUND (WWF);978-65-89267-02-7
621359;1;SECRETARÍA DE PUBLICACIONES. FACULTAD DE FILOSOFÍA Y LETRAS, UNIVERSIDAD DE BUENOS AIRES;978-987-8363-97-4
621360;1;PROMETEO;978-987-816-293-5
621361;1;HELMUT;978-987-88-2057-6
621362;1;NORTE GRANDE;978-987-86-9984-4
621363;1;NORTE GRANDE;978-987-86-9500-6
621367;1;SIGLO XXI EDITORES;978-987-801-077-9
621370;3;ASSOCIAÇÃO BRASILEIRA DE PESQUISADORES/AS NEGROS/AS (ABPN), CONSÓRCIO NACIONAL DOS NÚCLEOS DE ESTUDOS AFRO-BRASILEIROS, REPRESENTADO PELO NEAB/UFPR, Y LA UNIVERSIDADE FEDERAL DE PARANÁ (UFPR).;978-65-89713-57-9
621373;1;PROHISTORIA;978-987-4963-90-1
621375;1;UNIVERSIDAD DE CHUBUT;978-987-46148-7-2
621383;1;UNR EDITORA - EDITORIAL FUNDACIÓN ROSS - CEDET;9789877025002
621387;1;ILUSTRE DIGITAL S.R.L.;978-987-86-8113-9
621390;1;RED DE SEGURIDAD ALIMENTARIA - CONICET;978-987-25861-2-6
621391;1;UNIVERSIDAD CATÓLICA DE SANTA FE;0-0000-0000-0
621397;1;EDICIONES UNL;0-0000-0000-0
621404;1;EDUVIM;0000000000
621408;1;SANS SOLEIL EDICIONES;978-987-3923-21-0
621421;1;EDUNPAZ;978-987-4110-69-5
621422;1;FACULTAD DE CIENCIAS SOCIALES. UBA;978-950-29-1899-0
621423;1;CESNI;978-987-48306-0-9
621425;1;CESNI;978-987-48306-0-9
621434;1;HUMANITAS, FACULTAD DE FILOSOFÍA Y LETRAS, UNIVERSIDAD NACIONAL DE TUCUMÁN;9789877542530
621435;1;CLACSO;978-987-813-000-2
621441;1;COFFEE TOWN EDICIONES;978-987-86-9847-2
621442;1;EDICIONES LUXEMBURG/CEFMA;978-987-1709-75-5
621443;1;ERGA OMNES;9789878697505
621445;1;MINISTERIO DE ECONOMÍA DE LA NACIÓN;978-987-47596-8-9
621446;1;MINISTERIO DE PRODUCCIÓN DE LA NACIÓN;978-987-47990-0-5
621448;1;MINISTERIO DE ECONOMÍA DE LA NACIÓN;978-987-47596-8-9
621449;1;MINISTERIO DE PRODUCCIÓN DE LA NACIÓN;978-987-47990-0-5
621459;1;PROYECTO ÉTICA / G. Z. SALOMONE;978-987-88-1070-6
621465;1;UNIVERSIDAD NACIONAL ARTURO JAURETCHE;1-1111-1111-1
621470;6;UNIVERSIDAD ANDINA SIMÓN BOLÍVAR, SEDE ECUADOR;978-9942-837-65-3
621498;1;EDITORIAL DE LA UNIVERSIDAD NACIONAL DE LA PLATA (EDULP);978-987-8348-92-6
621499;1;EDITORIAL DE LA UNIVERSIDAD NACIONAL DE LA PLATA (EDULP);978-987-8475-29-5
621500;1;EDITORIAL DE LA UNIVERSIDAD NACIONAL DE LA PLATA (EDULP);978-987-8475-30-1
621503;1;NEU;978-987-733-301-5
621504;1;EDITORIAL FFYH;978-950-33-1621-4
621506;1;SB;978-987-8918-03-7
621509;1;UNIVERSIDAD NACIONAL DE CÓRDOBA;978-950-33-1633-7
621510;1;PROMETEO;978-9-878348-33-9
621512;1;EDULP - EDITORIAL DE LA UNIVERSIDAD NACIONAL DE LA PLATA;978-950-34-2019-5
621515;1;INSTITUTO NACIONAL DE LA ADMINISTRACIÓN PÚBLICA;978-987-9483-40-4
621518;1;ARGENTINA UNIDA;978-987-46815-4-6
621523;1;MARÍA VICTORIA BISHEIMER EDICIONES;978-987869693-5
621525;31;SPRINGER;978-3-030-76309-1
621532;45;SPRINGER;978-3-030-88750-6
621548;35;PUNTO DE VISTA;978-84-18322-28-0
621553;1;EDITORIAL DE LA UNC;978-987-707-196-2
621554;1;VIENTO SUR;978-950-605-906-4
621555;1;BFRT;978-987-4183-14-9
621556;1;BFRT;978-987-4183-15-6
621557;1;EDULP (EDITORIAL DE LA UNIVERSIDAD NACIONAL DE LA PLATA);978-950-34-2009-6
621564;1;EL GATO Y LA CAJA;978-987-48080-2-8
621566;1;EDICIONES UNGS;978-987-630-545-7
621567;21;SPRINGER;978-3-030-56416-2
621568;1;MITO ESTUDIO DE DISEÑO;978987-88-1004-1
621570;1;EDULP;978-950-34-1996-0
621572;1;EDITORIAL TESEO;978-987-88-2664-6
621575;1;CIEFAP;978-987-28380-2-7
621576;7;IIEC-UNAM Y CLACSO;978-987-722-833-5
621577;1;FUNDACIÓN  UNIVERSIDAD NACIONAL DE SAN JUAN;978-987-86-7353-0
621578;1;IMAGO MUNDI;978-950-793-376-9
621579;1;TESEO;978-950-34-2058-4
621580;1;FONDO EDITORIAL RIONEGRINO;9789871280094
621586;1;UNIVERSIDAD NACIONAL DE QUILMES;978-987-558-707-6
621588;1;MUNICIPALIDAD DE COMODORO RIVADAVIA, TECPETROL, FUNDACIÓN PROA;9789872286163
621590;1;AREA DE PUBLICACIONES FFYH;978-950-33-1647-4
621604;1;CLACSO - FCH-UNCPBA.;978-987-722-985-1
621609;1;TESEO PRESS;9789878816869
621610;1;UNIVERSIDAD DE BELGRANO;978-987-88-1561-9
621617;1;MUCHOS MUNDOS;978-987-86-8950-0
621618;1;FACULTAD DE HUMANIDADES Y CIENCIAS DE LA EDUCACIÓN UNLP;978-950-34-1971-7
621622;1;SB;978-987-8918-04-4
621628;1;UNIVERSIDAD NACIONAL DEL LITORAL;978-987-749-293-4
621632;1;CIEFAP;978-987-28380-2-7
621639;82;CENTRE FOR ECONOMIC POLICY RESEARCH;9781912179558
621643;1;BELLAS ALAS;978-987-4098-73-3
621644;21;TAYLOR & FRANCIS;9781138788152
621645;1;EDITORIAL BRUJAS;9789877603743
621646;1;MAIPUE;978-987-8321-94-3
621647;1;FLACSO ARGENTINA;0-0000-0000-0
621649;3;EDITORA DA UNIVERSIDADE FEDERAL DO PIAUÍ;978-65-5904-133-6
621650;1;MAREMIUM;978-987-88-0864-2
621657;3;ABA PUBLICAÇÕES;978-65-5973-030-8
621664;1;UNIVERSITARIA;978-987-661-353-8
621668;1;CONICET;9789506921880
621671;1;EDIUNJU;978-950-721-580-3
621686;1;EUDEBA;978-950-23-3223-9
621687;1;FACULTAD DE FILOSOFIA Y LETRAS UNIVERSIDAD DE BUENOS AIRES;978-987-8363-71-4
621694;1;UNICEF;978-987-28708-2-9
621700;1;EDUNPAZ;978-987-4110-69-5
621701;1;EDUNPAZ;978-987-4110-56-5
621702;1;EDUNPAZ;978-987-4110-68-8
621713;1;UNIVERSIDAD NACIONAL DE QUILMES;978-987-558-733-5
621719;1;IMAGO MUNDI Y EDICIONES DEL CEHTI;978-950-793-372-1
621725;1;EDULP;978-950-34-2069-0
621727;1;HYA EDICIONES;978-987-3638
621730;1;WALDHUTER EDITORES;9789874916259
621731;1;CONUSUR;978-987-48268-1-7
621733;1;NOVEDUC;9789875388420
621746;1;ACTIVIDAD DE USO;950-21-0351-3
621747;1;FACULTAD DE INFORMÁTICA, UNLP;978-950-34-2075-1
621756;1;UNIVERSIDAD NACIONAL DE ENTRE RÍOS;978-950-698-503-5
621757;1;DUNKEN;978-987-85-1428-4
621761;1;EDUVIM;978-987-699-622-8
621788;1;NEU;978-987-733-245-2
621792;1;NUEVA EDITORIAL UNIVERSITARIA;978-987-733-300-8
621796;1;AMPERSAND;978-987-4161-64-2
621797;1;UNR EDITORA;9789877024401
621802;1;MINISTERIO DE EDUCACIÓN DE LA NACIÓN;978-950-00-1426-7
621804;1;SECAT UNCPBA;978-987-86-7342-4
621817;1;EDITORIAL UNIVERSITARIA DE VILLA MARÍA;978-987-699-653-2
621822;1;TERCER MILENIO;978-987-88-1445-2
621830;1;LABORATORIO DE INVESTIGACIONES EN CIENCIAS DEL COMPORTAMIENTO, FACULTAD DE PSICOLOGÍA, UNIVERSIDAD NACIONAL DE SAN LUIS;978-987-88-3068-1
621831;1;EDITORIAL CIENTÍFICA UNIVERSITARIA UNCA;978-987-661-379-8
621832;1;EDITORIAL CIENTÍFICA UNIVERSITARIA UNCA;978-987-661-379-8
621833;1;EDITORIAL CIENTÍFICA UNIVERSITARIA UNCA;978-987-661-379-8
621834;1;EDITORIAL CIENTÍFICA UNIVERSITARIA UNCA;978-987-661-379-8
621836;1;PAIDÓS;978-950-12-0355-4
621837;1;ASTREA;9789877064056
621843;1;EDUNPAZ;978-987-4110-71-8
621845;1;UNNE;978-987-3619-70-0
621848;1;UNNE;978-987-3619-63-2
621856;1;CLACSO;978-987-813-036-1
621868;1;BIBLOS;9789876919821
626199;1;EDITORIAL BRUJAS;978-987-760-448-1
626201;1;INTA EDICIONES;978-987-8333-72-4
626347;1;DUNKEN;978-987-85-1627-1
626348;1;SECRETARÍA DE POLÍTICAS UNIVERSITARIA;978-987-4417-95-4
626502;1;VISIÓN JURÍDICA;978-987-4081-42-1
626503;1;VISIÓN JURÍDICA EDICIONES;978-987-4081-44-5
626511;3;PEDRO & JOAO EDITORES;978-65-5869-293-5
626513;7;EL DIVÁN NEGRO;978-607-99345-4-5
626874;1;SEDICI UNLP;978-950-34-1961-8
626882;1;ARTE PUBLICACIONES;978-950-658-534-1
626883;1;ARTE PUBLICACIONES;978-950-658-539-6
626884;1;ARTE PUBLICACIONES;978-950-658-552-5
626895;1;CIECTI;978-987-4193-53-7
626901;1;EUDEM;978-987-8410-45-6
626903;35;EDITORIAL ACADÉMICA ESPAÑOLA (EAE);978-3-8417-6226-9
627132;1;GRUPO DE ESTUDIOS SOCIOURBANOS, CENTRO DE ESTUDIOS SOCIALES Y POLÍTICOS, FACULTAD DE HUMANIDADES, UNIVERSIDAD NACIONAL DE MAR DEL PLATA;978-987-811-024-0
627136;1;DIEGO DANIEL PIACENZA;978-987-88-0067-7
627397;1;SB EDICIONES;978-84-17133-55-9
627553;1;EDITORIAL ANA;9789878340623
627662;1;ERREPAR;978-987-01-2784-0
627663;1;ERREPAR;978-987-01-2829-8
627664;1;PROGRAMA DE PUBLICACIONES.IIAA-DAAV-UNA;978-987-48026-0-6
627725;35;UNIVERSIDAD DE VALENCIA;978-84-122948-97
627973;1;LA AURORA;978-950-551-172-3
628219;1;FUNDACIÓN FORTABAT;978-987-47267-7-3
628221;1;NOVEDUC;978-987-538-674-7
628226;1;BRUJAS;978-987-760-370-5
628227;1;EDICEA (CEA FCS UNC);978-987-1751-94-5
628403;1;INSTITUTO NATURA-PROPUESTA DALE!;978-987-88-0510-8
628404;3;CIEPP;978-65-995588-0-1
628413;1;LOMAS DE ZAMORA: SUDESTADA;978-987-8409-36-8
628419;1;EDULP;978-987-8348-94-0
628422;1;CLAUDIA SORAYA BUCCINO;978-987-88-0633-4
628423;1;VISIÓN CONJUNTA;978-987-47528-2-6
628656;1;EDICIONES WINOGRAD;9789874472168
628858;1;TESEO;9789877233049
628862;1;INSTITUTO GINO GERMANI-CLACSO;978-950-29-1914-0
629095;1;EDICIONES UNGS;978-987-630-532-7
629096;1;FACULTAD DE CIENCIAS HUMANAS- UNICEN;978-950-658-5259
629107;1;LECTIO;978-987-88-0535-1
629108;1;EDITORIAL UNIVERSITARIA DE LA PATAGONIA (EDUPA);978-987-8352-19-0
629112;1;FACULTAD DE CIENCIAS AGRARIAS;978-987-661-364-4
629288;1;EDITORIAL CHIRIMBOTE;978-987-8432-20-5
629598;35;TROTTA;978-84-1364-023-5
629599;6;UTEG;978-9942-757-97-5
629603;1;1A ED ILUSTRADA. -  : ASOCIACIÓN ARGENTINA DE LA CIENCIA DEL SUELO -AACS, 2021.;978-987-46870-7-4
629604;1;UNIVERSITARIA;978-987-661-384-2
629622;1;JUSBAIRES;978-987-768-169-7
629624;1;EDUNLPAM;978-950-863-425-2
629628;1;UNLZ;978-987-3839-17-7
629631;1;BIBLOS;978-987-814-015-5
629642;1;EDULP;978-987-8475-29-5
630054;1;IMPRESIONES BUENOS AIRES EDITORIAL;978-987-48369-3-9
630063;1;UNIVERSIDAD NACIONAL DE CÓRDOBA. FACULTAD DE FILOSOFÍA Y HUMANIDADES;978-950-33-1635-1
630065;1;UNR EDITORA;978-987-702-432-6
630066;1;EDITORIAL DE LA FACULTAD DE FILOSOFÍA Y LETRAS;978-987-4019-91-2
630069;1;ICEP-CATPBA;978-987-4093-26-4
630070;1;ARTE EDICIONES - UNIVERSIDAD NACIONAL DE LA PROVINCIA DE BUENOS AIRES;978-950-658-535-8
630071;1;LABORDE EDITOR;978-987-677-358-4
630072;1;TIRAXIEDICIONES;978-987-47753-9-9
630417;7;EDITORIAL DEL INSTITUTO DE INVESTIGACIONES JURÍDICAS UNAM;0-0000-0000-0
630421;1;UNIVERSIDAD NACIONAL DE CORDOBA;978-950-33-1656-6
630423;1;ENGRANAJES DE LA CULTURA;978-987-48154-1-5
630426;1;EDUTECNE;978-987-4998-66-8
630433;1;NEU NUEVA EDITORIAL UNIVERSITARIA;978-987-733-276-6
630435;1;EFFHA;978-950-605-890-6
630441;1;UCALP;978-987-3736-47-6
630446;1;LERNER;978-987-8483-00-9
630447;39;WOLTERS KLUWER;978-90-654-4946-7
630463;4;ARTEIMAGEN;978-987-8413-16-7
630896;4;AGROSAVIA;978-958-740-501-9
630899;1;EDUNAM;978-987-4450-12-8
630906;1;CAFÉ DE LAS CIUDADES;978-987-3627-37-8
630907;35;KATZ;9788415917526
631246;1;EDITORIAL DE LA UNIVERSIDAD DEL ACONCAGUA;978-987-4971-26-5
631250;1;OMNIVORA;978-987-88-2030-9
631251;1;THOMSON REUTERS, 2021;978-987-03-4179-6
631254;1;OFICINA DE PAÍS DE LA OIT PARA LA ARGENTINA;9789220353615
631255;1;IDEARIUM;978-950-624-088-2
631259;1;ED UNIVERSIDAD DE GUANAJUATO MÉXICO;978-607-441-805-7
631260;1;ED EDITORES FONDO EDITORIAL;0-0000-0000-0
631261;1;CONTEXTO;9789877306699
631377;1;EDITORIAL UNIVERSIDAD NACIONAL DE LAS ARTES;9789874633545
631378;1;ASTREA;978-987-706-360-8
631379;1;CIN, CONSEJO INTERUNIVERSITARIO NACIONAL;9789874776532
631381;1;CIN, CONSEJO INTERUNIVERSITARIO NACIONAL;9789874776518
631382;1;CIN, CONSEJO INTERUNIVERSITARIO NACIONAL;9789874776501
631386;1;-;978-987-86-6761-4
631476;1;TOMÁS JOFRÉ;978-987-97347-4-2
631480;1;EDULP;978-950-34-1980-9
631482;1;EUDEBA;978-950-23-2616-0
631627;1;EDUNLA;9877232693
631630;1;EDITORIAL DE LA UNIVERSIDAD NACIONAL DE JUJUY - EDIUNJU, 2021.;978-950-721-582-7
631788;1;UNIVERSIDAD NACIONAL DEL NORDESTE;978-987-88-2055-2
631789;1;EDITORIAL DE LA UNIVERSIDAD NACIONAL DEL NORDESTE EUDENE;978-950-656-195-6
631792;1;INSTITUTO DE INVESTIGACIONES GINO GERMANI,;978-950-29-1926-3
631793;35;EDITORIAL ACADÉMICA ESPAÑOLA;978-620-3-88253-7
631796;1;IMHICIHU- CONICET;9-789-874-934192
631798;1;PAIDOS;9789501299861
632060;1;IMAGO MUNDI;978-950-793-355-4
632063;37;PERRIN;0-8436-1072-7
632069;1;EDULP;978-950-34-1624-2
632070;1;ASCUNE;978-950-9124-93-6
632077;1;ALCIÓN EDITORA;978-987-646-949-4
632290;1;UTN SANTA FE;978-950-42-0211-0
632291;1;AULA TALLER;978-987-4180-75-9
632292;1;AULA TALLER;978-987-4180-73-5
632293;1;AULA TALLER;978-987-4180-72-8
632307;1;JUSBAIRES;978-987-768-161-1
632310;6;CICSHAL;0-8436-1072-7
632311;5;EDICIONES DE LA UNIVERSIDAD DE VALPARAÍSO;978-3-11-070070-1
632548;1;MEMORABILIA EDITORES;9789878638966
632556;1;ARKHO EDICIONES;979-8594980778
632557;1;ARKHO EDICIONES;979-8707765797
632558;1;ARKHO EDICIONES;979-8712776085
632559;1;ARKHO EDICIONES;979-8598072035
632560;1;COLEGIO DE TAMAULIPAS;9798712298907
632561;1;UNIVERSIDAD NACIONAL DE CORDOBA;979-859-80-7203-5
632939;31;SPRINGER;978-3-030-64092-7
632940;31;SPRINGER;978-3-030-80334-6
632941;11;CAF;978-980-422-257-3
632947;1;FUNDACIÓN FRIEDRICH EBERT;97-8987-4439 66-6
633127;7;UNIVERSIDAD DE GUADALAJARA. CENTRO UNIVERSITARIO DE CIENCIAS ECONÓMICO ADMINISTRATIVAS.;978-607-571-261-1
633130;1;BIBLOS;978-987-814-024-7
633283;35;EDITORIAL ACRIBIA S. A.;978-84-200-1261-2
633286;1;AUTORES DE ARGENTINA;978-1-9991959-1-5
633436;1;UNESCO;0-8436-1072-7
633437;1;RED EDITORIAL. AUTONOMÍA;978-987-48379-1-2
633661;1;NEU- NUEVA EDITORIAL UNIVERSITARIA;978-987-733-283-4
633777;1;UNIVERSIDAD NACIONAL DE GENERAL SARMIENTO;978-607-30-3288-9
633779;1;UNIDAD DE PUBLICACIONES, DEPARTAMENTO DE ECONOMÍA Y ADMINISTRACIÓN, UNIVERSIDAD NACIONAL DE QUILMES;978-987-558-714-4
633950;1;EUDE . FACULTAD DEL EJÉRCITO - UNDEF;978-987-1052-27-1
633951;1;NUEVA EDITORIAL UNIVERSITARIA ? UNSL;978-987-733-218-6
633953;1;UNIVERSIDAD AUSTRAL;978-950-893-923-4
634153;1;AUTORES DE ARGENTINA;9789878719993
634432;1;REDEDITORIAL;978-987-48075-4-0
634449;1;EDICIONES CIENTÍFICAS ARGENTINAS;978-987-46851-2-4
634451;1;UNIVERSIDAD NACIONAL DEL LITORAL;978-987-692-287-6
634452;1;UNIVERSIDAD NACIONAL DEL LITORAL;978-987-692-287-6
634662;1;FUNDACIÓN HONGOS DE ARGENTINA PARA LA SUSTENTABILIDAD;978-987-47714-2-1
634677;35;HORSORI;978-84-15212-99-7
634689;1;UADER;978-950-9581-62-3
635350;1;CLEMENTINA;978-987-48086-0-8
635353;1;EDUTECNE;978-987-4998-80-4
635354;1;EUCASA;978-950-623-238-2
636698;1;UNIVERSIDAD NACIONAL DE CÓRDOBA, SECYT;978-950-33-1659-7
636701;82;PETER LANG;9782807616721
636719;389;LAMBERT ACADEMIC PUBLISHING;9786203863789
636725;1;AUTORES DE ARGENTINA;978-987-87-1686-2
636728;1;PEQUEÑA EDITORA - JULIANA HUERGO;978-987-88-2178-8
636730;1;LETRA VIVA;978-950-649-966-2
636833;1;ALTA CÓRDOBA IMPRESOS;987-3745-64-5
637040;1;CUARENTA RÍOS;9789874936325
637043;1;CENTRO DE PRODUCCIÓN E INVESTIGACIÓN EN ARTES;978-950-33-1646-7
637045;1;LAGO EDITORA;978-987-4969-76-7
637046;1;UNIRÍO EDITORA;978-987-688-432-7
637058;1;EDITORIAL UNIVERSITARIA DEL COMAHUE,;978-987-46558-3-7
637213;1;PROMETEO;978-987-8451-51-0
637215;41;LUIGI PELLEGRINI EDITORE;978-88-6822-949-8
637311;1;ARKHO;978-987-88-0891-8
637419;1;EDICIONES NOVEDADES EDUCATIVAS;987-9191-67-6
637551;1;CONICET;978-950-692-184-2
637626;1;MINISTERIO DE SALUD DE LA NACIÓN;978-950-38-0293-9
637775;1;NOVEDUC;978-987-538-847-5
637893;5;CENTRO DE ESTUDIOS DE JUSTICIA DE LAS AMERICAS, CEJA;978-956-8491-82-6
637894;1;FUNDACIÓN EXPOTERRA;978-987-48420-0-8
637898;1;PAIDOS;9789501203363
637900;1;TESEO PRESS;978-987-88-2008-8
638456;1;UNIVERSIDAD FASTA MAR DEL PLATA;978-987-1312-86-3
638459;1;LAMÁS MÉDULA;9789873956478
638478;1;PROHISTORIA;978-987-809-011-5
638491;1;EDITORIAL UNSJ;978-987-3984-86-0
638492;1;EDITORIAL MEDICA PANAMERICA SACF;978-607-97310-1-4
638511;1;AUTOEDICIÓN;978-987-88-1208-3
639016;515;INTECHOPEN;9781789239652
639019;1;HISTONAUTA;978-987-28516-3-7
639159;37;EDITIONS NOTRE SAVOIR;6204047647
639161;1;MINISTERIO DE EDUCACIÓN DE LA NACIÓN;978-950-00-1469-4
639231;1;LABORDE EDITOR;978-987-677-343-0
639267;44;FRONTIERS MEDIA SA;978-2-88976-123-4
639429;8;CEADUC;978-99953-76-19-2
639687;3;EDITORA ARTEMIS;978-65-87396-51-4
639689;1;EDITORIAL DE LA UNIVERSIDAD NACIONAL DE JUJUY (EDIUNJU);978-950-721-587-2
639691;4;UNIVERSIDAD EXTERNADO DE COLOMBIA;978-1-873671-00-9
639925;1;UNIVERSIDAD NACIONAL DEL NORDESTE. FACULTAD DE CIENCIAS EXACTAS;978-987-3619-72-4
640130;1;LETRA VIVA;978-950-649-932-7
640131;1;LETRA VIVA. 4TA. EDIC.;978-950-649-931-0
640317;1;BIBLOS;978-987-691-939-5
640331;1;EDICCIÓN DE AUTOR;978-987-26358-1-7
640472;1;LABORDE LIBROS EDITOR;978-987-677-361-4
640851;1;DAMIAN CUKIERKORN;978-987-88-2441-3
640856;1;UNIVERSIDAD CATÓLICA DE SALTA. EUCASA;978-950-623-244-3
640857;76;UNIVERSIDAD ALTA DIRECCIÓN SA;978-9962-5584-3-9
641034;1;PUNTO FINAL EDICIONES;9789874793034
641046;1;SIN EDITORIAL;0000000000
641347;1;FUNDACIÓN ESPIGAS. CENTRO DE INVESTIGACIONES EN ARTE Y PATRIMONIO;978-987-1398-49-2
641558;1;UNIRÍO- UNRC;978-987-688-463-1
641559;1;AKADIA;978-987-570-464-0
641738;1;EDITORIAL UNAJ;978-987-3679-62-9
641743;1;SIGLO XXI EDITORES;9789878011134
642107;1;LA LEY;978-987-03-4265-6
642112;1;MINISTERIO DE DESARROLLO SOCIAL DE LA NACION;0-0000-0000-0
642283;1;CONTEXTO;9789877306279
642285;1;CONSEJO NACIONAL INVESTIGACIONES CIENTÍFICAS TÉCNICAS - CONICET;978-950-692-190-3
642423;1;EL GUION EDICIONES;9789874905048
642532;1;UNLAM;978-987-8931-05-0
643202;82;BLOOMSBURY;978-607-30-4712-8
643205;1;EDUNPAZ, EDITORIAL UNIVERSITARIA;978-987-4110-67-1
643217;1;SERVICIO DE DIFUSIÓN DE LA CREACIÓN INTELECTUAL (SEDICI-UNLP);978-950-34-2056-0
643218;1;AMERINDIA;978-987-1082-97-1
643220;4;INSTITUTO ANTIOQUEÑO DE INVESTIGACIÓN;978-958-53278-6-3
643482;1;AASM;978-987-45937-6-4
643491;1;EDUPA;978-987-8352-19-0
643609;1;UNIVERSIDAD NACIONAL DE LA PATAGONIA AUSTRAL;978-987-3714-89-4
643610;1;EUDEBA;9789502331430
643684;1;TRIBUNALES EDICIONES;978-987-3695-43-8
643777;1;MINISTERIO DE GOBIERNO Y EDUCACIÓN;978-987-47498-2-6
643782;1;EDITORIAL EDICIONES JURÍDICAS;0-0000-0000-0
643923;1;EDITORES DEL SUR;978-987-8418-09-4
644263;1;EUDENE;978-950-656-192-5
644471;1;QELLQASQA;978-987-4026-65-1
644660;1;MINISTERIO DE EDUCACIÓN DE LA NACIÓN;978-950-00-1463-2
644663;7;UNIVERSIDAD NACIONAL AUTÓNOMA DE MÉXICO;9786073053495
645017;1;SIGLO XXI;950-895-146-X
645367;5;CEJA (CENTRO DE JUSTICIA DE LAS AMÉRICAS);978-956-8491-85-7
645376;389;GENERIS PUBLISHING;978-1-63902-783-5
646066;1;LA HENDIJA;9789878472300
646067;1;CONSEJO ARGENTINO DE OFTALMOLOGÍA;9789871572274
646198;1;GRAFICA AMÉRICA;978-987-86-5040-1
646253;1;AKADIA;978-987-570-397-1
646254;1;UNIVERSIDAD NACIONAL DE LA MATANZA;978-987-4417-97-8
646255;9;EDITORIAL UNIANDES Y EDITORIAL DE LA UNIVERSIDAD DEL PACÍFICO;978-9972-57-461-0
646488;1;EDICIONES INTA;9789878333922
646492;1;FUNDACIÓN PATAGÓNICA DE CIENCIAS NATURALES;978-987-29957-1-3
646513;1;ALDINA EDITORIAL;978-987-48190-1-7
646743;37;L´HARMATTAN;978-2-343-22366-7
646744;1;GUADALUPE;978-950-500-850-6
646745;1;MINISTERIO DE EDUCACIÓN DE LA NACIÓN;978-950-00-1464-9
646746;1;MINISTERIO DE EDUCACIÓN DE LA NACIÓN;978-950-00-1465-6
646752;1;BEATRIZ VITERBO;9789874755742
646951;1;PAIDEIA PUBLICACIONES;978-987-25387-3-6
646955;82;CRC PRESS;0367420694
647099;1;EDITORIAL DE LA UNIVERSIDAD NACIONAL DE LA PAMPA;978-950-863-419-1
647107;3;ELIVA PRESS;978-85-473-3297-6
647275;1;DUNKEN;978-987-85-1194-8
647470;1;SIGLO XXI EDITORES ARGENTINA;978-987-801-011-3
647471;1;CLACSO;978-987-722-821-2
647472;1;GORLA;978-987-1444-60-1
647475;1;CIG/IGEHCS - FCH UNCPBA/CONICET;978-950-658-544-0
